"retention","vtkValidPointMask","arc_length","Points:0","Points:1","Points:2"
7.6859e+23,1,0,0,0,0
7.6815e+23,1,2e-06,2e-06,0,0
7.677e+23,1,4e-06,4e-06,0,0
7.6725e+23,1,6e-06,6e-06,0,0
7.668e+23,1,8e-06,8e-06,0,0
7.6633e+23,1,1e-05,1e-05,0,0
7.6587e+23,1,1.2e-05,1.2e-05,0,0
7.654e+23,1,1.4e-05,1.4e-05,0,0
7.6492e+23,1,1.6e-05,1.6e-05,0,0
7.6444e+23,1,1.8e-05,1.8e-05,0,0
7.6395e+23,1,2e-05,2e-05,0,0
7.6346e+23,1,2.2e-05,2.2e-05,0,0
7.6296e+23,1,2.4e-05,2.4e-05,0,0
7.6245e+23,1,2.6e-05,2.6e-05,0,0
7.6194e+23,1,2.8e-05,2.8e-05,0,0
7.6142e+23,1,3e-05,3e-05,0,0
7.609e+23,1,3.2e-05,3.2e-05,0,0
7.6037e+23,1,3.4e-05,3.4e-05,0,0
7.5984e+23,1,3.6e-05,3.6e-05,0,0
7.5929e+23,1,3.8e-05,3.8e-05,0,0
7.5875e+23,1,4e-05,4e-05,0,0
7.5819e+23,1,4.2e-05,4.2e-05,0,0
7.5763e+23,1,4.4e-05,4.4e-05,0,0
7.5706e+23,1,4.6e-05,4.6e-05,0,0
7.5648e+23,1,4.8e-05,4.8e-05,0,0
7.559e+23,1,5e-05,5e-05,0,0
7.5531e+23,1,5.2e-05,5.2e-05,0,0
7.5471e+23,1,5.4e-05,5.4e-05,0,0
7.5411e+23,1,5.6e-05,5.6e-05,0,0
7.535e+23,1,5.8e-05,5.8e-05,0,0
7.5287e+23,1,6e-05,6e-05,0,0
7.5225e+23,1,6.2e-05,6.2e-05,0,0
7.5161e+23,1,6.4e-05,6.4e-05,0,0
7.5096e+23,1,6.6e-05,6.6e-05,0,0
7.5031e+23,1,6.8e-05,6.8e-05,0,0
7.4965e+23,1,7e-05,7e-05,0,0
7.4898e+23,1,7.2e-05,7.2e-05,0,0
7.483e+23,1,7.4e-05,7.4e-05,0,0
7.4761e+23,1,7.6e-05,7.6e-05,0,0
7.4691e+23,1,7.8e-05,7.8e-05,0,0
7.462e+23,1,8e-05,8e-05,0,0
7.4548e+23,1,8.2e-05,8.2e-05,0,0
7.4476e+23,1,8.4e-05,8.4e-05,0,0
7.4402e+23,1,8.6e-05,8.6e-05,0,0
7.4327e+23,1,8.8e-05,8.8e-05,0,0
7.4251e+23,1,9e-05,9e-05,0,0
7.4174e+23,1,9.2e-05,9.2e-05,0,0
7.4096e+23,1,9.4e-05,9.4e-05,0,0
7.4017e+23,1,9.6e-05,9.6e-05,0,0
7.3937e+23,1,9.8e-05,9.8e-05,0,0
7.3856e+23,1,0.0001,0.0001,0,0
7.3773e+23,1,0.000102,0.000102,0,0
7.3689e+23,1,0.000104,0.000104,0,0
7.3604e+23,1,0.000106,0.000106,0,0
7.3518e+23,1,0.000108,0.000108,0,0
7.343e+23,1,0.00011,0.00011,0,0
7.3341e+23,1,0.000112,0.000112,0,0
7.3251e+23,1,0.000114,0.000114,0,0
7.3159e+23,1,0.000116,0.000116,0,0
7.3066e+23,1,0.000118,0.000118,0,0
7.2972e+23,1,0.00012,0.00012,0,0
7.2876e+23,1,0.000122,0.000122,0,0
7.2778e+23,1,0.000124,0.000124,0,0
7.2679e+23,1,0.000126,0.000126,0,0
7.2578e+23,1,0.000128,0.000128,0,0
7.2476e+23,1,0.00013,0.00013,0,0
7.2372e+23,1,0.000132,0.000132,0,0
7.2267e+23,1,0.000134,0.000134,0,0
7.2159e+23,1,0.000136,0.000136,0,0
7.205e+23,1,0.000138,0.000138,0,0
7.1939e+23,1,0.00014,0.00014,0,0
7.1826e+23,1,0.000142,0.000142,0,0
7.1711e+23,1,0.000144,0.000144,0,0
7.1595e+23,1,0.000146,0.000146,0,0
7.1476e+23,1,0.000148,0.000148,0,0
7.1355e+23,1,0.00015,0.00015,0,0
7.1232e+23,1,0.000152,0.000152,0,0
7.1107e+23,1,0.000154,0.000154,0,0
7.0979e+23,1,0.000156,0.000156,0,0
7.0849e+23,1,0.000158,0.000158,0,0
7.0717e+23,1,0.00016,0.00016,0,0
7.0582e+23,1,0.000162,0.000162,0,0
7.0445e+23,1,0.000164,0.000164,0,0
7.0305e+23,1,0.000166,0.000166,0,0
7.0162e+23,1,0.000168,0.000168,0,0
7.0017e+23,1,0.00017,0.00017,0,0
6.9869e+23,1,0.000172,0.000172,0,0
6.9717e+23,1,0.000174,0.000174,0,0
6.9563e+23,1,0.000176,0.000176,0,0
6.9405e+23,1,0.000178,0.000178,0,0
6.9245e+23,1,0.00018,0.00018,0,0
6.908e+23,1,0.000182,0.000182,0,0
6.8912e+23,1,0.000184,0.000184,0,0
6.8741e+23,1,0.000186,0.000186,0,0
6.8565e+23,1,0.000188,0.000188,0,0
6.8386e+23,1,0.00019,0.00019,0,0
6.8202e+23,1,0.000192,0.000192,0,0
6.8014e+23,1,0.000194,0.000194,0,0
6.7822e+23,1,0.000196,0.000196,0,0
6.7624e+23,1,0.000198,0.000198,0,0
6.7422e+23,1,0.0002,0.0002,0,0
6.7214e+23,1,0.000202,0.000202,0,0
6.7001e+23,1,0.000204,0.000204,0,0
6.6782e+23,1,0.000206,0.000206,0,0
6.6557e+23,1,0.000208,0.000208,0,0
6.6325e+23,1,0.00021,0.00021,0,0
6.6087e+23,1,0.000212,0.000212,0,0
6.5841e+23,1,0.000214,0.000214,0,0
6.5587e+23,1,0.000216,0.000216,0,0
6.5325e+23,1,0.000218,0.000218,0,0
6.5053e+23,1,0.00022,0.00022,0,0
6.4772e+23,1,0.000222,0.000222,0,0
6.4481e+23,1,0.000224,0.000224,0,0
6.4178e+23,1,0.000226,0.000226,0,0
6.3863e+23,1,0.000228,0.000228,0,0
6.3535e+23,1,0.00023,0.00023,0,0
6.3191e+23,1,0.000232,0.000232,0,0
6.2832e+23,1,0.000234,0.000234,0,0
6.2455e+23,1,0.000236,0.000236,0,0
6.2058e+23,1,0.000238,0.000238,0,0
6.1639e+23,1,0.00024,0.00024,0,0
6.1195e+23,1,0.000242,0.000242,0,0
6.0723e+23,1,0.000244,0.000244,0,0
6.0219e+23,1,0.000246,0.000246,0,0
5.9679e+23,1,0.000248,0.000248,0,0
5.9097e+23,1,0.00025,0.00025,0,0
5.8467e+23,1,0.000252,0.000252,0,0
5.778e+23,1,0.000254,0.000254,0,0
5.7028e+23,1,0.000256,0.000256,0,0
5.6197e+23,1,0.000258,0.000258,0,0
5.5274e+23,1,0.00026,0.00026,0,0
5.4238e+23,1,0.000262,0.000262,0,0
5.3066e+23,1,0.000264,0.000264,0,0
5.1727e+23,1,0.000266,0.000266,0,0
5.0184e+23,1,0.000268,0.000268,0,0
4.8386e+23,1,0.00027,0.00027,0,0
4.6272e+23,1,0.000272,0.000272,0,0
4.3763e+23,1,0.000274,0.000274,0,0
4.0758e+23,1,0.000276,0.000276,0,0
3.7124e+23,1,0.000278,0.000278,0,0
3.2638e+23,1,0.00028,0.00028,0,0
2.6728e+23,1,0.000282,0.000282,0,0
1.7593e+23,1,0.000284,0.000284,0,0
5.7865e+22,1,0.000286,0.000286,0,0
8.7527e+21,1,0.000288,0.000288,0,0
1.0742e+21,1,0.00029,0.00029,0,0
1.3066e+20,1,0.000292,0.000292,0,0
1.6152e+19,1,0.000294,0.000294,0,0
2.0923e+18,1,0.000296,0.000296,0,0
3.3913e+17,1,0.000298,0.000298,0,0
1.0928e+17,1,0.0003,0.0003,0,0
7.0826e+16,1,0.000302,0.000302,0,0
5.7909e+16,1,0.000304,0.000304,0,0
4.9522e+16,1,0.000306,0.000306,0,0
4.2784e+16,1,0.000308,0.000308,0,0
3.7133e+16,1,0.00031,0.00031,0,0
3.2342e+16,1,0.000312,0.000312,0,0
2.8255e+16,1,0.000314,0.000314,0,0
2.4754e+16,1,0.000316,0.000316,0,0
2.1743e+16,1,0.000318,0.000318,0,0
1.9142e+16,1,0.00032,0.00032,0,0
1.6888e+16,1,0.000322,0.000322,0,0
1.4929e+16,1,0.000324,0.000324,0,0
1.3222e+16,1,0.000326,0.000326,0,0
1.1729e+16,1,0.000328,0.000328,0,0
1.0421e+16,1,0.00033,0.00033,0,0
9.2718e+15,1,0.000332,0.000332,0,0
8.2606e+15,1,0.000334,0.000334,0,0
7.3687e+15,1,0.000336,0.000336,0,0
6.5807e+15,1,0.000338,0.000338,0,0
5.8832e+15,1,0.00034,0.00034,0,0
5.265e+15,1,0.000342,0.000342,0,0
4.7161e+15,1,0.000344,0.000344,0,0
4.2281e+15,1,0.000346,0.000346,0,0
3.7938e+15,1,0.000348,0.000348,0,0
3.4066e+15,1,0.00035,0.00035,0,0
3.0612e+15,1,0.000352,0.000352,0,0
2.7526e+15,1,0.000354,0.000354,0,0
2.4767e+15,1,0.000356,0.000356,0,0
2.2298e+15,1,0.000358,0.000358,0,0
2.0086e+15,1,0.00036,0.00036,0,0
1.8103e+15,1,0.000362,0.000362,0,0
1.6324e+15,1,0.000364,0.000364,0,0
1.4727e+15,1,0.000366,0.000366,0,0
1.3292e+15,1,0.000368,0.000368,0,0
1.2001e+15,1,0.00037,0.00037,0,0
1.084e+15,1,0.000372,0.000372,0,0
9.7952e+14,1,0.000374,0.000374,0,0
8.854e+14,1,0.000376,0.000376,0,0
8.0058e+14,1,0.000378,0.000378,0,0
7.2411e+14,1,0.00038,0.00038,0,0
6.5513e+14,1,0.000382,0.000382,0,0
5.9289e+14,1,0.000384,0.000384,0,0
5.3669e+14,1,0.000386,0.000386,0,0
4.8594e+14,1,0.000388,0.000388,0,0
4.401e+14,1,0.00039,0.00039,0,0
3.9866e+14,1,0.000392,0.000392,0,0
3.612e+14,1,0.000394,0.000394,0,0
3.2732e+14,1,0.000396,0.000396,0,0
2.9667e+14,1,0.000398,0.000398,0,0
2.6894e+14,1,0.0004,0.0004,0,0
2.4384e+14,1,0.000402,0.000402,0,0
2.2111e+14,1,0.000404,0.000404,0,0
2.0054e+14,1,0.000406,0.000406,0,0
1.819e+14,1,0.000408,0.000408,0,0
1.6501e+14,1,0.00041,0.00041,0,0
1.4971e+14,1,0.000412,0.000412,0,0
1.3584e+14,1,0.000414,0.000414,0,0
1.2327e+14,1,0.000416,0.000416,0,0
1.1188e+14,1,0.000418,0.000418,0,0
1.0155e+14,1,0.00042,0.00042,0,0
9.2176e+13,1,0.000422,0.000422,0,0
8.3676e+13,1,0.000424,0.000424,0,0
7.5967e+13,1,0.000426,0.000426,0,0
6.8972e+13,1,0.000428,0.000428,0,0
6.2625e+13,1,0.00043,0.00043,0,0
5.6866e+13,1,0.000432,0.000432,0,0
5.1639e+13,1,0.000434,0.000434,0,0
4.6895e+13,1,0.000436,0.000436,0,0
4.2589e+13,1,0.000438,0.000438,0,0
3.868e+13,1,0.00044,0.00044,0,0
3.5131e+13,1,0.000442,0.000442,0,0
3.1909e+13,1,0.000444,0.000444,0,0
2.8983e+13,1,0.000446,0.000446,0,0
2.6326e+13,1,0.000448,0.000448,0,0
2.3914e+13,1,0.00045,0.00045,0,0
2.1723e+13,1,0.000452,0.000452,0,0
1.9733e+13,1,0.000454,0.000454,0,0
1.7926e+13,1,0.000456,0.000456,0,0
1.6284e+13,1,0.000458,0.000458,0,0
1.4793e+13,1,0.00046,0.00046,0,0
1.3439e+13,1,0.000462,0.000462,0,0
1.2209e+13,1,0.000464,0.000464,0,0
1.1091e+13,1,0.000466,0.000466,0,0
1.0076e+13,1,0.000468,0.000468,0,0
9.1538e+12,1,0.00047,0.00047,0,0
8.3159e+12,1,0.000472,0.000472,0,0
7.5547e+12,1,0.000474,0.000474,0,0
6.8632e+12,1,0.000476,0.000476,0,0
6.2349e+12,1,0.000478,0.000478,0,0
5.6641e+12,1,0.00048,0.00048,0,0
5.1455e+12,1,0.000482,0.000482,0,0
4.6743e+12,1,0.000484,0.000484,0,0
4.2463e+12,1,0.000486,0.000486,0,0
3.8574e+12,1,0.000488,0.000488,0,0
3.504e+12,1,0.00049,0.00049,0,0
3.183e+12,1,0.000492,0.000492,0,0
2.8913e+12,1,0.000494,0.000494,0,0
2.6263e+12,1,0.000496,0.000496,0,0
2.3856e+12,1,0.000498,0.000498,0,0
2.1669e+12,1,0.0005,0.0005,0,0
1.9682e+12,1,0.000502,0.000502,0,0
1.7876e+12,1,0.000504,0.000504,0,0
1.6236e+12,1,0.000506,0.000506,0,0
1.4746e+12,1,0.000508,0.000508,0,0
1.3393e+12,1,0.00051,0.00051,0,0
1.2163e+12,1,0.000512,0.000512,0,0
1.1046e+12,1,0.000514,0.000514,0,0
1.0032e+12,1,0.000516,0.000516,0,0
9.1099e+11,1,0.000518,0.000518,0,0
8.2726e+11,1,0.00052,0.00052,0,0
7.512e+11,1,0.000522,0.000522,0,0
6.8212e+11,1,0.000524,0.000524,0,0
6.1937e+11,1,0.000526,0.000526,0,0
5.6238e+11,1,0.000528,0.000528,0,0
5.1061e+11,1,0.00053,0.00053,0,0
4.636e+11,1,0.000532,0.000532,0,0
4.209e+11,1,0.000534,0.000534,0,0
3.8212e+11,1,0.000536,0.000536,0,0
3.469e+11,1,0.000538,0.000538,0,0
3.1492e+11,1,0.00054,0.00054,0,0
2.8587e+11,1,0.000542,0.000542,0,0
2.595e+11,1,0.000544,0.000544,0,0
2.3555e+11,1,0.000546,0.000546,0,0
2.138e+11,1,0.000548,0.000548,0,0
1.9406e+11,1,0.00055,0.00055,0,0
1.7613e+11,1,0.000552,0.000552,0,0
1.5985e+11,1,0.000554,0.000554,0,0
1.4507e+11,1,0.000556,0.000556,0,0
1.3165e+11,1,0.000558,0.000558,0,0
1.1947e+11,1,0.00056,0.00056,0,0
1.0841e+11,1,0.000562,0.000562,0,0
9.8376e+10,1,0.000564,0.000564,0,0
8.9264e+10,1,0.000566,0.000566,0,0
8.0993e+10,1,0.000568,0.000568,0,0
7.3485e+10,1,0.00057,0.00057,0,0
6.6671e+10,1,0.000572,0.000572,0,0
6.0486e+10,1,0.000574,0.000574,0,0
5.4873e+10,1,0.000576,0.000576,0,0
4.9779e+10,1,0.000578,0.000578,0,0
4.5156e+10,1,0.00058,0.00058,0,0
4.096e+10,1,0.000582,0.000582,0,0
3.7153e+10,1,0.000584,0.000584,0,0
3.3699e+10,1,0.000586,0.000586,0,0
3.0564e+10,1,0.000588,0.000588,0,0
2.772e+10,1,0.00059,0.00059,0,0
2.514e+10,1,0.000592,0.000592,0,0
2.2799e+10,1,0.000594,0.000594,0,0
2.0675e+10,1,0.000596,0.000596,0,0
1.8748e+10,1,0.000598,0.000598,0,0
1.7e+10,1,0.0006,0.0006,0,0
1.5414e+10,1,0.000602,0.000602,0,0
1.3976e+10,1,0.000604,0.000604,0,0
1.2672e+10,1,0.000606,0.000606,0,0
1.1488e+10,1,0.000608,0.000608,0,0
1.0415e+10,1,0.00061,0.00061,0,0
9.4418e+09,1,0.000612,0.000612,0,0
8.5591e+09,1,0.000614,0.000614,0,0
7.7586e+09,1,0.000616,0.000616,0,0
7.0327e+09,1,0.000618,0.000618,0,0
6.3744e+09,1,0.00062,0.00062,0,0
5.7775e+09,1,0.000622,0.000622,0,0
5.2363e+09,1,0.000624,0.000624,0,0
4.7456e+09,1,0.000626,0.000626,0,0
4.3008e+09,1,0.000628,0.000628,0,0
3.8974e+09,1,0.00063,0.00063,0,0
3.5318e+09,1,0.000632,0.000632,0,0
3.2003e+09,1,0.000634,0.000634,0,0
2.8998e+09,1,0.000636,0.000636,0,0
2.6274e+09,1,0.000638,0.000638,0,0
2.3805e+09,1,0.00064,0.00064,0,0
2.1567e+09,1,0.000642,0.000642,0,0
1.9539e+09,1,0.000644,0.000644,0,0
1.7701e+09,1,0.000646,0.000646,0,0
1.6035e+09,1,0.000648,0.000648,0,0
1.4525e+09,1,0.00065,0.00065,0,0
1.3157e+09,1,0.000652,0.000652,0,0
1.1918e+09,1,0.000654,0.000654,0,0
1.0794e+09,1,0.000656,0.000656,0,0
9.7765e+08,1,0.000658,0.000658,0,0
8.8543e+08,1,0.00066,0.00066,0,0
8.0187e+08,1,0.000662,0.000662,0,0
7.2617e+08,1,0.000664,0.000664,0,0
6.576e+08,1,0.000666,0.000666,0,0
5.9547e+08,1,0.000668,0.000668,0,0
5.3919e+08,1,0.00067,0.00067,0,0
4.8821e+08,1,0.000672,0.000672,0,0
4.4204e+08,1,0.000674,0.000674,0,0
4.0021e+08,1,0.000676,0.000676,0,0
3.6233e+08,1,0.000678,0.000678,0,0
3.2803e+08,1,0.00068,0.00068,0,0
2.9695e+08,1,0.000682,0.000682,0,0
2.6882e+08,1,0.000684,0.000684,0,0
2.4333e+08,1,0.000686,0.000686,0,0
2.2026e+08,1,0.000688,0.000688,0,0
1.9937e+08,1,0.00069,0.00069,0,0
1.8045e+08,1,0.000692,0.000692,0,0
1.6332e+08,1,0.000694,0.000694,0,0
1.4781e+08,1,0.000696,0.000696,0,0
1.3376e+08,1,0.000698,0.000698,0,0
1.2105e+08,1,0.0007,0.0007,0,0
1.0954e+08,1,0.000702,0.000702,0,0
9.9126e+07,1,0.000704,0.000704,0,0
8.9696e+07,1,0.000706,0.000706,0,0
8.1159e+07,1,0.000708,0.000708,0,0
7.3432e+07,1,0.00071,0.00071,0,0
6.6439e+07,1,0.000712,0.000712,0,0
6.0109e+07,1,0.000714,0.000714,0,0
5.438e+07,1,0.000716,0.000716,0,0
4.9196e+07,1,0.000718,0.000718,0,0
4.4504e+07,1,0.00072,0.00072,0,0
4.0258e+07,1,0.000722,0.000722,0,0
3.6415e+07,1,0.000724,0.000724,0,0
3.2939e+07,1,0.000726,0.000726,0,0
2.9793e+07,1,0.000728,0.000728,0,0
2.6947e+07,1,0.00073,0.00073,0,0
2.4371e+07,1,0.000732,0.000732,0,0
2.2041e+07,1,0.000734,0.000734,0,0
1.9933e+07,1,0.000736,0.000736,0,0
1.8026e+07,1,0.000738,0.000738,0,0
1.6301e+07,1,0.00074,0.00074,0,0
1.4741e+07,1,0.000742,0.000742,0,0
1.3329e+07,1,0.000744,0.000744,0,0
1.2052e+07,1,0.000746,0.000746,0,0
1.0897e+07,1,0.000748,0.000748,0,0
9.8525e+06,1,0.00075,0.00075,0,0
8.9077e+06,1,0.000752,0.000752,0,0
8.0532e+06,1,0.000754,0.000754,0,0
7.2805e+06,1,0.000756,0.000756,0,0
6.5817e+06,1,0.000758,0.000758,0,0
5.9497e+06,1,0.00076,0.00076,0,0
5.3782e+06,1,0.000762,0.000762,0,0
4.8615e+06,1,0.000764,0.000764,0,0
4.3942e+06,1,0.000766,0.000766,0,0
3.9718e+06,1,0.000768,0.000768,0,0
3.5898e+06,1,0.00077,0.00077,0,0
3.2444e+06,1,0.000772,0.000772,0,0
2.9322e+06,1,0.000774,0.000774,0,0
2.6499e+06,1,0.000776,0.000776,0,0
2.3948e+06,1,0.000778,0.000778,0,0
2.1641e+06,1,0.00078,0.00078,0,0
1.9556e+06,1,0.000782,0.000782,0,0
1.7671e+06,1,0.000784,0.000784,0,0
1.5967e+06,1,0.000786,0.000786,0,0
1.4427e+06,1,0.000788,0.000788,0,0
1.3035e+06,1,0.00079,0.00079,0,0
1.1777e+06,1,0.000792,0.000792,0,0
1.0641e+06,1,0.000794,0.000794,0,0
9.6131e+05,1,0.000796,0.000796,0,0
8.6846e+05,1,0.000798,0.000798,0,0
7.8455e+05,1,0.0008,0.0008,0,0
7.0872e+05,1,0.000802,0.000802,0,0
6.4021e+05,1,0.000804,0.000804,0,0
5.783e+05,1,0.000806,0.000806,0,0
5.2235e+05,1,0.000808,0.000808,0,0
4.7181e+05,1,0.00081,0.00081,0,0
4.2614e+05,1,0.000812,0.000812,0,0
3.8489e+05,1,0.000814,0.000814,0,0
3.4761e+05,1,0.000816,0.000816,0,0
3.1394e+05,1,0.000818,0.000818,0,0
2.8352e+05,1,0.00082,0.00082,0,0
2.5603e+05,1,0.000822,0.000822,0,0
2.3121e+05,1,0.000824,0.000824,0,0
2.0879e+05,1,0.000826,0.000826,0,0
1.8853e+05,1,0.000828,0.000828,0,0
1.7024e+05,1,0.00083,0.00083,0,0
1.5371e+05,1,0.000832,0.000832,0,0
1.3879e+05,1,0.000834,0.000834,0,0
1.2531e+05,1,0.000836,0.000836,0,0
1.1314e+05,1,0.000838,0.000838,0,0
1.0214e+05,1,0.00084,0.00084,0,0
92214,1,0.000842,0.000842,0,0
83248,1,0.000844,0.000844,0,0
75152,1,0.000846,0.000846,0,0
67841,1,0.000848,0.000848,0,0
61240,1,0.00085,0.00085,0,0
55279,1,0.000852,0.000852,0,0
49897,1,0.000854,0.000854,0,0
45038,1,0.000856,0.000856,0,0
40651,1,0.000858,0.000858,0,0
36690,1,0.00086,0.00086,0,0
33115,1,0.000862,0.000862,0,0
29886,1,0.000864,0.000864,0,0
26972,1,0.000866,0.000866,0,0
24341,1,0.000868,0.000868,0,0
21967,1,0.00087,0.00087,0,0
19823,1,0.000872,0.000872,0,0
17888,1,0.000874,0.000874,0,0
16142,1,0.000876,0.000876,0,0
14565,1,0.000878,0.000878,0,0
13142,1,0.00088,0.00088,0,0
11858,1,0.000882,0.000882,0,0
10699,1,0.000884,0.000884,0,0
9653.4,1,0.000886,0.000886,0,0
8709.4,1,0.000888,0.000888,0,0
7857.6,1,0.00089,0.00089,0,0
7088.9,1,0.000892,0.000892,0,0
6395.2,1,0.000894,0.000894,0,0
5769.3,1,0.000896,0.000896,0,0
5204.5,1,0.000898,0.000898,0,0
4694.8,1,0.0009,0.0009,0,0
4235,1,0.000902,0.000902,0,0
3820.1,1,0.000904,0.000904,0,0
3445.7,1,0.000906,0.000906,0,0
3108,1,0.000908,0.000908,0,0
2803.3,1,0.00091,0.00091,0,0
2528.4,1,0.000912,0.000912,0,0
2280.4,1,0.000914,0.000914,0,0
2056.7,1,0.000916,0.000916,0,0
1854.8,1,0.000918,0.000918,0,0
1672.8,1,0.00092,0.00092,0,0
1508.6,1,0.000922,0.000922,0,0
1360.4,1,0.000924,0.000924,0,0
1226.8,1,0.000926,0.000926,0,0
1106.3,1,0.000928,0.000928,0,0
997.57,1,0.00093,0.00093,0,0
899.52,1,0.000932,0.000932,0,0
811.09,1,0.000934,0.000934,0,0
731.34,1,0.000936,0.000936,0,0
659.41,1,0.000938,0.000938,0,0
594.54,1,0.00094,0.00094,0,0
536.04,1,0.000942,0.000942,0,0
483.29,1,0.000944,0.000944,0,0
435.72,1,0.000946,0.000946,0,0
392.82,1,0.000948,0.000948,0,0
354.13,1,0.00095,0.00095,0,0
319.25,1,0.000952,0.000952,0,0
287.8,1,0.000954,0.000954,0,0
259.44,1,0.000956,0.000956,0,0
233.87,1,0.000958,0.000958,0,0
210.81,1,0.00096,0.00096,0,0
190.02,1,0.000962,0.000962,0,0
171.28,1,0.000964,0.000964,0,0
154.39,1,0.000966,0.000966,0,0
139.16,1,0.000968,0.000968,0,0
125.42,1,0.00097,0.00097,0,0
113.04,1,0.000972,0.000972,0,0
101.88,1,0.000974,0.000974,0,0
91.823,1,0.000976,0.000976,0,0
82.754,1,0.000978,0.000978,0,0
74.579,1,0.00098,0.00098,0,0
67.211,1,0.000982,0.000982,0,0
60.569,1,0.000984,0.000984,0,0
54.582,1,0.000986,0.000986,0,0
49.186,1,0.000988,0.000988,0,0
44.322,1,0.00099,0.00099,0,0
39.939,1,0.000992,0.000992,0,0
35.988,1,0.000994,0.000994,0,0
32.428,1,0.000996,0.000996,0,0
29.219,1,0.000998,0.000998,0,0
26.327,1,0.001,0.001,0,0
23.721,1,0.001002,0.001002,0,0
21.372,1,0.001004,0.001004,0,0
19.255,1,0.001006,0.001006,0,0
17.348,1,0.001008,0.001008,0,0
15.63,1,0.00101,0.00101,0,0
14.081,1,0.001012,0.001012,0,0
12.685,1,0.001014,0.001014,0,0
11.428,1,0.001016,0.001016,0,0
10.295,1,0.001018,0.001018,0,0
9.2741,1,0.00102,0.00102,0,0
8.3544,1,0.001022,0.001022,0,0
7.5257,1,0.001024,0.001024,0,0
6.779,1,0.001026,0.001026,0,0
6.1064,1,0.001028,0.001028,0,0
5.5003,1,0.00103,0.00103,0,0
4.9543,1,0.001032,0.001032,0,0
4.4624,1,0.001034,0.001034,0,0
4.0193,1,0.001036,0.001036,0,0
3.6201,1,0.001038,0.001038,0,0
3.2605,1,0.00104,0.00104,0,0
2.9366,1,0.001042,0.001042,0,0
2.6448,1,0.001044,0.001044,0,0
2.3819,1,0.001046,0.001046,0,0
2.1452,1,0.001048,0.001048,0,0
1.9319,1,0.00105,0.00105,0,0
1.7398,1,0.001052,0.001052,0,0
1.5668,1,0.001054,0.001054,0,0
1.4109,1,0.001056,0.001056,0,0
1.2706,1,0.001058,0.001058,0,0
1.1441,1,0.00106,0.00106,0,0
1.0303,1,0.001062,0.001062,0,0
0.92773,1,0.001064,0.001064,0,0
0.83537,1,0.001066,0.001066,0,0
0.7522,1,0.001068,0.001068,0,0
0.6773,1,0.00107,0.00107,0,0
0.60984,1,0.001072,0.001072,0,0
0.54909,1,0.001074,0.001074,0,0
0.49438,1,0.001076,0.001076,0,0
0.44512,1,0.001078,0.001078,0,0
0.40076,1,0.00108,0.00108,0,0
0.36081,1,0.001082,0.001082,0,0
0.32484,1,0.001084,0.001084,0,0
0.29245,1,0.001086,0.001086,0,0
0.26329,1,0.001088,0.001088,0,0
0.23703,1,0.00109,0.00109,0,0
0.21338,1,0.001092,0.001092,0,0
0.19209,1,0.001094,0.001094,0,0
0.17293,1,0.001096,0.001096,0,0
0.15567,1,0.001098,0.001098,0,0
0.14013,1,0.0011,0.0011,0,0
0.12614,1,0.001102,0.001102,0,0
0.11355,1,0.001104,0.001104,0,0
0.10221,1,0.001106,0.001106,0,0
0.092,1,0.001108,0.001108,0,0
0.08281,1,0.00111,0.00111,0,0
0.074537,1,0.001112,0.001112,0,0
0.067089,1,0.001114,0.001114,0,0
0.060385,1,0.001116,0.001116,0,0
0.05435,1,0.001118,0.001118,0,0
0.048917,1,0.00112,0.00112,0,0
0.044027,1,0.001122,0.001122,0,0
0.039624,1,0.001124,0.001124,0,0
0.035662,1,0.001126,0.001126,0,0
0.032095,1,0.001128,0.001128,0,0
0.028884,1,0.00113,0.00113,0,0
0.025995,1,0.001132,0.001132,0,0
0.023394,1,0.001134,0.001134,0,0
0.021053,1,0.001136,0.001136,0,0
0.018946,1,0.001138,0.001138,0,0
0.017049,1,0.00114,0.00114,0,0
0.015342,1,0.001142,0.001142,0,0
0.013806,1,0.001144,0.001144,0,0
0.012424,1,0.001146,0.001146,0,0
0.011179,1,0.001148,0.001148,0,0
0.01006,1,0.00115,0.00115,0,0
0.0090518,1,0.001152,0.001152,0,0
0.0081448,1,0.001154,0.001154,0,0
0.0073287,1,0.001156,0.001156,0,0
0.0065942,1,0.001158,0.001158,0,0
0.0059332,1,0.00116,0.00116,0,0
0.0053385,1,0.001162,0.001162,0,0
0.0048032,1,0.001164,0.001164,0,0
0.0043216,1,0.001166,0.001166,0,0
0.0038882,1,0.001168,0.001168,0,0
0.0034982,1,0.00117,0.00117,0,0
0.0031473,1,0.001172,0.001172,0,0
0.0028316,1,0.001174,0.001174,0,0
0.0025475,1,0.001176,0.001176,0,0
0.0022918,1,0.001178,0.001178,0,0
0.0020618,1,0.00118,0.00118,0,0
0.0018549,1,0.001182,0.001182,0,0
0.0016687,1,0.001184,0.001184,0,0
0.0015011,1,0.001186,0.001186,0,0
0.0013504,1,0.001188,0.001188,0,0
0.0012148,1,0.00119,0.00119,0,0
0.0010928,1,0.001192,0.001192,0,0
0.00098304,1,0.001194,0.001194,0,0
0.00088428,1,0.001196,0.001196,0,0
0.00079544,1,0.001198,0.001198,0,0
0.00071551,1,0.0012,0.0012,0,0
0.00064361,1,0.001202,0.001202,0,0
0.00057892,1,0.001204,0.001204,0,0
0.00052073,1,0.001206,0.001206,0,0
0.00046838,1,0.001208,0.001208,0,0
0.00042129,1,0.00121,0.00121,0,0
0.00037893,1,0.001212,0.001212,0,0
0.00034082,1,0.001214,0.001214,0,0
0.00030654,1,0.001216,0.001216,0,0
0.00027571,1,0.001218,0.001218,0,0
0.00024798,1,0.00122,0.00122,0,0
0.00022303,1,0.001222,0.001222,0,0
0.00020059,1,0.001224,0.001224,0,0
0.0001804,1,0.001226,0.001226,0,0
0.00016225,1,0.001228,0.001228,0,0
0.00014591,1,0.00123,0.00123,0,0
0.00013123,1,0.001232,0.001232,0,0
0.00011802,1,0.001234,0.001234,0,0
0.00010613,1,0.001236,0.001236,0,0
9.5445e-05,1,0.001238,0.001238,0,0
8.5834e-05,1,0.00124,0.00124,0,0
7.7188e-05,1,0.001242,0.001242,0,0
6.9413e-05,1,0.001244,0.001244,0,0
6.2421e-05,1,0.001246,0.001246,0,0
5.6132e-05,1,0.001248,0.001248,0,0
5.0476e-05,1,0.00125,0.00125,0,0
4.5389e-05,1,0.001252,0.001252,0,0
4.0815e-05,1,0.001254,0.001254,0,0
3.6701e-05,1,0.001256,0.001256,0,0
3.3002e-05,1,0.001258,0.001258,0,0
2.9675e-05,1,0.00126,0.00126,0,0
2.6683e-05,1,0.001262,0.001262,0,0
2.3992e-05,1,0.001264,0.001264,0,0
2.1573e-05,1,0.001266,0.001266,0,0
1.9397e-05,1,0.001268,0.001268,0,0
1.7441e-05,1,0.00127,0.00127,0,0
1.5681e-05,1,0.001272,0.001272,0,0
1.4099e-05,1,0.001274,0.001274,0,0
1.2677e-05,1,0.001276,0.001276,0,0
1.1398e-05,1,0.001278,0.001278,0,0
1.0247e-05,1,0.00128,0.00128,0,0
9.2132e-06,1,0.001282,0.001282,0,0
8.2833e-06,1,0.001284,0.001284,0,0
7.4472e-06,1,0.001286,0.001286,0,0
6.6953e-06,1,0.001288,0.001288,0,0
6.0194e-06,1,0.00129,0.00129,0,0
5.4116e-06,1,0.001292,0.001292,0,0
4.8651e-06,1,0.001294,0.001294,0,0
4.3738e-06,1,0.001296,0.001296,0,0
3.932e-06,1,0.001298,0.001298,0,0
3.5348e-06,1,0.0013,0.0013,0,0
3.1778e-06,1,0.001302,0.001302,0,0
2.8567e-06,1,0.001304,0.001304,0,0
2.5681e-06,1,0.001306,0.001306,0,0
2.3086e-06,1,0.001308,0.001308,0,0
2.0753e-06,1,0.00131,0.00131,0,0
1.8655e-06,1,0.001312,0.001312,0,0
1.677e-06,1,0.001314,0.001314,0,0
1.5075e-06,1,0.001316,0.001316,0,0
1.3551e-06,1,0.001318,0.001318,0,0
1.2181e-06,1,0.00132,0.00132,0,0
1.0949e-06,1,0.001322,0.001322,0,0
9.842e-07,1,0.001324,0.001324,0,0
8.8467e-07,1,0.001326,0.001326,0,0
7.9519e-07,1,0.001328,0.001328,0,0
7.1477e-07,1,0.00133,0.00133,0,0
6.4247e-07,1,0.001332,0.001332,0,0
5.7747e-07,1,0.001334,0.001334,0,0
5.1905e-07,1,0.001336,0.001336,0,0
4.6653e-07,1,0.001338,0.001338,0,0
4.1932e-07,1,0.00134,0.00134,0,0
3.7689e-07,1,0.001342,0.001342,0,0
3.3874e-07,1,0.001344,0.001344,0,0
3.0446e-07,1,0.001346,0.001346,0,0
2.7364e-07,1,0.001348,0.001348,0,0
2.4594e-07,1,0.00135,0.00135,0,0
2.2104e-07,1,0.001352,0.001352,0,0
1.9866e-07,1,0.001354,0.001354,0,0
1.7855e-07,1,0.001356,0.001356,0,0
1.6046e-07,1,0.001358,0.001358,0,0
1.4421e-07,1,0.00136,0.00136,0,0
1.2961e-07,1,0.001362,0.001362,0,0
1.1648e-07,1,0.001364,0.001364,0,0
1.0468e-07,1,0.001366,0.001366,0,0
9.4077e-08,1,0.001368,0.001368,0,0
8.4546e-08,1,0.00137,0.00137,0,0
7.5979e-08,1,0.001372,0.001372,0,0
6.828e-08,1,0.001374,0.001374,0,0
6.1361e-08,1,0.001376,0.001376,0,0
5.5143e-08,1,0.001378,0.001378,0,0
4.9554e-08,1,0.00138,0.00138,0,0
4.4531e-08,1,0.001382,0.001382,0,0
4.0017e-08,1,0.001384,0.001384,0,0
3.596e-08,1,0.001386,0.001386,0,0
3.2314e-08,1,0.001388,0.001388,0,0
2.9038e-08,1,0.00139,0.00139,0,0
2.6094e-08,1,0.001392,0.001392,0,0
2.3448e-08,1,0.001394,0.001394,0,0
2.107e-08,1,0.001396,0.001396,0,0
1.8933e-08,1,0.001398,0.001398,0,0
1.7012e-08,1,0.0014,0.0014,0,0
1.5287e-08,1,0.001402,0.001402,0,0
1.3736e-08,1,0.001404,0.001404,0,0
1.2343e-08,1,0.001406,0.001406,0,0
1.109e-08,1,0.001408,0.001408,0,0
9.9651e-09,1,0.00141,0.00141,0,0
8.9539e-09,1,0.001412,0.001412,0,0
8.0452e-09,1,0.001414,0.001414,0,0
7.2288e-09,1,0.001416,0.001416,0,0
6.4951e-09,1,0.001418,0.001418,0,0
5.8358e-09,1,0.00142,0.00142,0,0
5.2434e-09,1,0.001422,0.001422,0,0
4.7112e-09,1,0.001424,0.001424,0,0
4.2329e-09,1,0.001426,0.001426,0,0
3.8031e-09,1,0.001428,0.001428,0,0
3.417e-09,1,0.00143,0.00143,0,0
3.07e-09,1,0.001432,0.001432,0,0
2.7582e-09,1,0.001434,0.001434,0,0
2.4781e-09,1,0.001436,0.001436,0,0
2.2264e-09,1,0.001438,0.001438,0,0
2.0003e-09,1,0.00144,0.00144,0,0
1.7971e-09,1,0.001442,0.001442,0,0
1.6146e-09,1,0.001444,0.001444,0,0
1.4505e-09,1,0.001446,0.001446,0,0
1.3032e-09,1,0.001448,0.001448,0,0
1.1708e-09,1,0.00145,0.00145,0,0
1.0518e-09,1,0.001452,0.001452,0,0
9.4492e-10,1,0.001454,0.001454,0,0
8.4889e-10,1,0.001456,0.001456,0,0
7.6262e-10,1,0.001458,0.001458,0,0
6.8511e-10,1,0.00146,0.00146,0,0
6.1547e-10,1,0.001462,0.001462,0,0
5.5291e-10,1,0.001464,0.001464,0,0
4.9671e-10,1,0.001466,0.001466,0,0
4.4621e-10,1,0.001468,0.001468,0,0
4.0085e-10,1,0.00147,0.00147,0,0
3.6009e-10,1,0.001472,0.001472,0,0
3.2348e-10,1,0.001474,0.001474,0,0
2.9058e-10,1,0.001476,0.001476,0,0
2.6103e-10,1,0.001478,0.001478,0,0
2.3449e-10,1,0.00148,0.00148,0,0
2.1064e-10,1,0.001482,0.001482,0,0
1.8921e-10,1,0.001484,0.001484,0,0
1.6997e-10,1,0.001486,0.001486,0,0
1.5268e-10,1,0.001488,0.001488,0,0
1.3715e-10,1,0.00149,0.00149,0,0
1.2319e-10,1,0.001492,0.001492,0,0
1.1066e-10,1,0.001494,0.001494,0,0
9.94e-11,1,0.001496,0.001496,0,0
8.9285e-11,1,0.001498,0.001498,0,0
8.02e-11,1,0.0015,0.0015,0,0
7.2039e-11,1,0.001502,0.001502,0,0
6.4707e-11,1,0.001504,0.001504,0,0
5.8121e-11,1,0.001506,0.001506,0,0
5.2206e-11,1,0.001508,0.001508,0,0
4.6892e-11,1,0.00151,0.00151,0,0
4.2118e-11,1,0.001512,0.001512,0,0
3.7831e-11,1,0.001514,0.001514,0,0
3.398e-11,1,0.001516,0.001516,0,0
3.052e-11,1,0.001518,0.001518,0,0
2.7413e-11,1,0.00152,0.00152,0,0
2.4621e-11,1,0.001522,0.001522,0,0
2.2114e-11,1,0.001524,0.001524,0,0
1.9862e-11,1,0.001526,0.001526,0,0
1.7839e-11,1,0.001528,0.001528,0,0
1.6023e-11,1,0.00153,0.00153,0,0
1.4391e-11,1,0.001532,0.001532,0,0
1.2925e-11,1,0.001534,0.001534,0,0
1.1608e-11,1,0.001536,0.001536,0,0
1.0426e-11,1,0.001538,0.001538,0,0
9.3639e-12,1,0.00154,0.00154,0,0
8.4099e-12,1,0.001542,0.001542,0,0
7.553e-12,1,0.001544,0.001544,0,0
6.7835e-12,1,0.001546,0.001546,0,0
6.0923e-12,1,0.001548,0.001548,0,0
5.4715e-12,1,0.00155,0.00155,0,0
4.914e-12,1,0.001552,0.001552,0,0
4.4132e-12,1,0.001554,0.001554,0,0
3.9634e-12,1,0.001556,0.001556,0,0
3.5595e-12,1,0.001558,0.001558,0,0
3.1967e-12,1,0.00156,0.00156,0,0
2.8709e-12,1,0.001562,0.001562,0,0
2.5782e-12,1,0.001564,0.001564,0,0
2.3154e-12,1,0.001566,0.001566,0,0
2.0794e-12,1,0.001568,0.001568,0,0
1.8674e-12,1,0.00157,0.00157,0,0
1.677e-12,1,0.001572,0.001572,0,0
1.506e-12,1,0.001574,0.001574,0,0
1.3524e-12,1,0.001576,0.001576,0,0
1.2146e-12,1,0.001578,0.001578,0,0
1.0907e-12,1,0.00158,0.00158,0,0
9.7947e-13,1,0.001582,0.001582,0,0
8.7958e-13,1,0.001584,0.001584,0,0
7.8987e-13,1,0.001586,0.001586,0,0
7.0931e-13,1,0.001588,0.001588,0,0
6.3696e-13,1,0.00159,0.00159,0,0
5.7199e-13,1,0.001592,0.001592,0,0
5.1365e-13,1,0.001594,0.001594,0,0
4.6125e-13,1,0.001596,0.001596,0,0
4.1419e-13,1,0.001598,0.001598,0,0
3.7194e-13,1,0.0016,0.0016,0,0
3.3399e-13,1,0.001602,0.001602,0,0
2.9991e-13,1,0.001604,0.001604,0,0
2.6931e-13,1,0.001606,0.001606,0,0
2.4183e-13,1,0.001608,0.001608,0,0
2.1716e-13,1,0.00161,0.00161,0,0
1.9499e-13,1,0.001612,0.001612,0,0
1.7509e-13,1,0.001614,0.001614,0,0
1.5722e-13,1,0.001616,0.001616,0,0
1.4118e-13,1,0.001618,0.001618,0,0
1.2677e-13,1,0.00162,0.00162,0,0
1.1383e-13,1,0.001622,0.001622,0,0
1.0221e-13,1,0.001624,0.001624,0,0
9.1777e-14,1,0.001626,0.001626,0,0
8.2408e-14,1,0.001628,0.001628,0,0
7.3995e-14,1,0.00163,0.00163,0,0
6.6441e-14,1,0.001632,0.001632,0,0
5.9657e-14,1,0.001634,0.001634,0,0
5.3567e-14,1,0.001636,0.001636,0,0
4.8097e-14,1,0.001638,0.001638,0,0
4.3186e-14,1,0.00164,0.00164,0,0
3.8776e-14,1,0.001642,0.001642,0,0
3.4816e-14,1,0.001644,0.001644,0,0
3.1261e-14,1,0.001646,0.001646,0,0
2.8068e-14,1,0.001648,0.001648,0,0
2.5202e-14,1,0.00165,0.00165,0,0
2.2628e-14,1,0.001652,0.001652,0,0
2.0317e-14,1,0.001654,0.001654,0,0
1.8242e-14,1,0.001656,0.001656,0,0
1.6378e-14,1,0.001658,0.001658,0,0
1.4705e-14,1,0.00166,0.00166,0,0
1.3203e-14,1,0.001662,0.001662,0,0
1.1854e-14,1,0.001664,0.001664,0,0
1.0643e-14,1,0.001666,0.001666,0,0
9.5557e-15,1,0.001668,0.001668,0,0
8.5795e-15,1,0.00167,0.00167,0,0
7.7028e-15,1,0.001672,0.001672,0,0
6.9158e-15,1,0.001674,0.001674,0,0
6.2091e-15,1,0.001676,0.001676,0,0
5.5746e-15,1,0.001678,0.001678,0,0
5.0049e-15,1,0.00168,0.00168,0,0
4.4935e-15,1,0.001682,0.001682,0,0
4.0343e-15,1,0.001684,0.001684,0,0
3.622e-15,1,0.001686,0.001686,0,0
3.2518e-15,1,0.001688,0.001688,0,0
2.9194e-15,1,0.00169,0.00169,0,0
2.621e-15,1,0.001692,0.001692,0,0
2.3531e-15,1,0.001694,0.001694,0,0
2.1126e-15,1,0.001696,0.001696,0,0
1.8966e-15,1,0.001698,0.001698,0,0
1.7027e-15,1,0.0017,0.0017,0,0
1.5287e-15,1,0.001702,0.001702,0,0
1.3724e-15,1,0.001704,0.001704,0,0
1.2321e-15,1,0.001706,0.001706,0,0
1.1061e-15,1,0.001708,0.001708,0,0
9.9301e-16,1,0.00171,0.00171,0,0
8.9147e-16,1,0.001712,0.001712,0,0
8.0032e-16,1,0.001714,0.001714,0,0
7.1848e-16,1,0.001716,0.001716,0,0
6.4501e-16,1,0.001718,0.001718,0,0
5.7905e-16,1,0.00172,0.00172,0,0
5.1983e-16,1,0.001722,0.001722,0,0
4.6667e-16,1,0.001724,0.001724,0,0
4.1894e-16,1,0.001726,0.001726,0,0
3.7609e-16,1,0.001728,0.001728,0,0
3.3763e-16,1,0.00173,0.00173,0,0
3.0309e-16,1,0.001732,0.001732,0,0
2.7209e-16,1,0.001734,0.001734,0,0
2.4426e-16,1,0.001736,0.001736,0,0
2.1927e-16,1,0.001738,0.001738,0,0
1.9684e-16,1,0.00174,0.00174,0,0
1.767e-16,1,0.001742,0.001742,0,0
1.5863e-16,1,0.001744,0.001744,0,0
1.424e-16,1,0.001746,0.001746,0,0
1.2783e-16,1,0.001748,0.001748,0,0
1.1475e-16,1,0.00175,0.00175,0,0
1.0301e-16,1,0.001752,0.001752,0,0
9.247e-17,1,0.001754,0.001754,0,0
8.3008e-17,1,0.001756,0.001756,0,0
7.4514e-17,1,0.001758,0.001758,0,0
6.6889e-17,1,0.00176,0.00176,0,0
6.0045e-17,1,0.001762,0.001762,0,0
5.39e-17,1,0.001764,0.001764,0,0
4.8384e-17,1,0.001766,0.001766,0,0
4.3432e-17,1,0.001768,0.001768,0,0
3.8987e-17,1,0.00177,0.00177,0,0
3.4997e-17,1,0.001772,0.001772,0,0
3.1415e-17,1,0.001774,0.001774,0,0
2.8199e-17,1,0.001776,0.001776,0,0
2.5313e-17,1,0.001778,0.001778,0,0
2.2722e-17,1,0.00178,0.00178,0,0
2.0396e-17,1,0.001782,0.001782,0,0
1.8308e-17,1,0.001784,0.001784,0,0
1.6434e-17,1,0.001786,0.001786,0,0
1.4752e-17,1,0.001788,0.001788,0,0
1.3241e-17,1,0.00179,0.00179,0,0
1.1886e-17,1,0.001792,0.001792,0,0
1.0669e-17,1,0.001794,0.001794,0,0
9.5765e-18,1,0.001796,0.001796,0,0
8.596e-18,1,0.001798,0.001798,0,0
7.7159e-18,1,0.0018,0.0018,0,0
6.9258e-18,1,0.001802,0.001802,0,0
6.2166e-18,1,0.001804,0.001804,0,0
5.5801e-18,1,0.001806,0.001806,0,0
5.0087e-18,1,0.001808,0.001808,0,0
4.4958e-18,1,0.00181,0.00181,0,0
4.0353e-18,1,0.001812,0.001812,0,0
3.6221e-18,1,0.001814,0.001814,0,0
3.2511e-18,1,0.001816,0.001816,0,0
2.9182e-18,1,0.001818,0.001818,0,0
2.6193e-18,1,0.00182,0.00182,0,0
2.351e-18,1,0.001822,0.001822,0,0
2.1102e-18,1,0.001824,0.001824,0,0
1.8941e-18,1,0.001826,0.001826,0,0
1.7001e-18,1,0.001828,0.001828,0,0
1.5259e-18,1,0.00183,0.00183,0,0
1.3696e-18,1,0.001832,0.001832,0,0
1.2293e-18,1,0.001834,0.001834,0,0
1.1034e-18,1,0.001836,0.001836,0,0
9.9035e-19,1,0.001838,0.001838,0,0
8.889e-19,1,0.00184,0.00184,0,0
7.9784e-19,1,0.001842,0.001842,0,0
7.161e-19,1,0.001844,0.001844,0,0
6.4273e-19,1,0.001846,0.001846,0,0
5.7688e-19,1,0.001848,0.001848,0,0
5.1777e-19,1,0.00185,0.00185,0,0
4.6472e-19,1,0.001852,0.001852,0,0
4.1711e-19,1,0.001854,0.001854,0,0
3.7437e-19,1,0.001856,0.001856,0,0
3.36e-19,1,0.001858,0.001858,0,0
3.0158e-19,1,0.00186,0.00186,0,0
2.7067e-19,1,0.001862,0.001862,0,0
2.4293e-19,1,0.001864,0.001864,0,0
2.1804e-19,1,0.001866,0.001866,0,0
1.9569e-19,1,0.001868,0.001868,0,0
1.7564e-19,1,0.00187,0.00187,0,0
1.5764e-19,1,0.001872,0.001872,0,0
1.4148e-19,1,0.001874,0.001874,0,0
1.2698e-19,1,0.001876,0.001876,0,0
1.1397e-19,1,0.001878,0.001878,0,0
1.0229e-19,1,0.00188,0.00188,0,0
9.1802e-20,1,0.001882,0.001882,0,0
8.2392e-20,1,0.001884,0.001884,0,0
7.3947e-20,1,0.001886,0.001886,0,0
6.6367e-20,1,0.001888,0.001888,0,0
5.9564e-20,1,0.00189,0.00189,0,0
5.3458e-20,1,0.001892,0.001892,0,0
4.7978e-20,1,0.001894,0.001894,0,0
4.306e-20,1,0.001896,0.001896,0,0
3.8646e-20,1,0.001898,0.001898,0,0
3.4684e-20,1,0.0019,0.0019,0,0
3.1128e-20,1,0.001902,0.001902,0,0
2.7937e-20,1,0.001904,0.001904,0,0
2.5073e-20,1,0.001906,0.001906,0,0
2.2502e-20,1,0.001908,0.001908,0,0
2.0195e-20,1,0.00191,0.00191,0,0
1.8125e-20,1,0.001912,0.001912,0,0
1.6267e-20,1,0.001914,0.001914,0,0
1.4599e-20,1,0.001916,0.001916,0,0
1.3103e-20,1,0.001918,0.001918,0,0
1.176e-20,1,0.00192,0.00192,0,0
1.0554e-20,1,0.001922,0.001922,0,0
9.4723e-21,1,0.001924,0.001924,0,0
8.5015e-21,1,0.001926,0.001926,0,0
7.6302e-21,1,0.001928,0.001928,0,0
6.8484e-21,1,0.00193,0.00193,0,0
6.1469e-21,1,0.001932,0.001932,0,0
5.5173e-21,1,0.001934,0.001934,0,0
4.9524e-21,1,0.001936,0.001936,0,0
4.4456e-21,1,0.001938,0.001938,0,0
3.9908e-21,1,0.00194,0.00194,0,0
3.5828e-21,1,0.001942,0.001942,0,0
3.2168e-21,1,0.001944,0.001944,0,0
2.8884e-21,1,0.001946,0.001946,0,0
2.594e-21,1,0.001948,0.001948,0,0
2.3299e-21,1,0.00195,0.00195,0,0
2.0932e-21,1,0.001952,0.001952,0,0
1.881e-21,1,0.001954,0.001954,0,0
1.6908e-21,1,0.001956,0.001956,0,0
1.5205e-21,1,0.001958,0.001958,0,0
1.368e-21,1,0.00196,0.00196,0,0
1.2315e-21,1,0.001962,0.001962,0,0
1.1094e-21,1,0.001964,0.001964,0,0
1.0004e-21,1,0.001966,0.001966,0,0
9.031e-22,1,0.001968,0.001968,0,0
8.1639e-22,1,0.00197,0.00197,0,0
7.3925e-22,1,0.001972,0.001972,0,0
6.7079e-22,1,0.001974,0.001974,0,0
6.102e-22,1,0.001976,0.001976,0,0
5.5675e-22,1,0.001978,0.001978,0,0
5.0984e-22,1,0.00198,0.00198,0,0
4.6892e-22,1,0.001982,0.001982,0,0
4.3348e-22,1,0.001984,0.001984,0,0
4.0314e-22,1,0.001986,0.001986,0,0
3.7753e-22,1,0.001988,0.001988,0,0
3.5634e-22,1,0.00199,0.00199,0,0
3.3934e-22,1,0.001992,0.001992,0,0
3.2632e-22,1,0.001994,0.001994,0,0
3.1712e-22,1,0.001996,0.001996,0,0
3.1165e-22,1,0.001998,0.001998,0,0
3.0983e-22,1,0.002,0.002,0,0
