t(s),Total solute volume 1,Total retention volume 1,Total 1 volume 1,Total 2 volume 1,Total 3 volume 1,Total 4 volume 1,Total 5 volume 1
0.1,3757097780291388.0,3773641769608800.5,16543989317414.432,0.0,0.0,0.0,0.0
0.202,5653809461583136.0,5678705585615700.0,24896124032567.957,0.0,0.0,0.0,0.0
0.30604000000000003,7100091720511424.0,7131356459265407.0,31264738753981.47,0.0,0.0,0.0,0.0
0.41216080000000005,8323735795524420.0,8360388767966213.0,36652972441799.58,0.0,0.0,0.0,0.0
0.5204040160000001,9410541160205010.0,9451979804151962.0,41438643946936.945,0.0,0.0,0.0,0.0
0.6308120963200001,1.0403306987171332e+16,1.0449117205211088e+16,45810218039751.336,0.0,0.0,0.0,0.0
0.7434283382464002,1.1326921085885032e+16,1.1376798372858286e+16,49877286973244.7,0.0,0.0,0.0,0.0
0.8582969050113283,1.2197331342302838e+16,1.2251041418657306e+16,53710076354484.18,0.0,0.0,0.0,0.0
0.9754628431115548,1.302546812333553e+16,1.3082824840716542e+16,57356717380994.88,0.0,0.0,0.0,0.0
1.094972099973786,1.3819202979854108e+16,1.3880054859173514e+16,60851879319396.64,0.0,0.0,0.0,0.0
1.2168715419732616,1.4584424309179546e+16,1.4648645784829516e+16,64221475649971.28,0.0,0.0,0.0,0.0
1.3412089728127268,1.5325671844833868e+16,1.5393157350090138e+16,67485505256283.48,0.0,0.0,0.0,0.0
1.4680331522689813,1.604653257786218e+16,1.6117192341018502e+16,70659763156335.78,0.0,0.0,0.0,0.0
1.597393815314361,1.6749899132814894e+16,1.682365611960245e+16,73756986787555.67,0.0,0.0,0.0,0.0
1.729341691620648,1.7438144779643714e+16,1.7514932406298346e+16,76787626654618.14,0.0,0.0,0.0,0.0
1.863928525453061,1.8113245716193916e+16,1.8193006100982812e+16,79760384788913.75,0.0,0.0,0.0,0.0
2.001207095962122,1.8776868796023136e+16,1.885955139707316e+16,82682601050026.45,0.0,0.0,0.0,0.0
2.1412312378813647,1.9430435914558536e+16,1.9515996451203036e+16,85560536644487.19,0.0,0.0,0.0,0.0
2.284055862638992,2.0075172209260356e+16,2.016357179563138e+16,88399586371027.28,0.0,0.0,0.0,0.0
2.4297369798917723,2.071214277598696e+16,2.08033472162849e+16,91204440297978.56,0.0,0.0,0.0,0.0
2.578331719489608,2.1342281071805096e+16,2.143626028063778e+16,93979208832677.94,0.0,0.0,0.0,0.0
2.7298983538794,2.19664111906208e+16,2.2063138711431188e+16,96727520810372.56,0.0,0.0,0.0,0.0
2.884496320956988,2.2585265550189948e+16,2.268471815156749e+16,99452601377531.17,0.0,0.0,0.0,0.0
3.0421862473761276,2.3199499092931156e+16,2.330165642745519e+16,102157334523981.0,0.0,0.0,0.0,0.0
3.2030299723236504,2.3809700803421612e+16,2.39145451172209e+16,104844313799277.66,0.0,0.0,0.0,0.0
3.3670905717701234,2.4416403135989772e+16,2.4523919019816124e+16,107515883826364.4,0.0,0.0,0.0,0.0
3.5344323832055258,2.502008979692676e+16,2.5130263971496692e+16,110174174569926.92,0.0,0.0,0.0,0.0
3.7051210308696363,2.5621202218415468e+16,2.573402334825925e+16,112821129843832.28,0.0,0.0,0.0,0.0
3.879223451487029,2.6220144982706644e+16,2.6335603513902704e+16,115458531196068.23,0.0,0.0,0.0,0.0
4.0568079205167695,2.6817290396883988e+16,2.6935378414937332e+16,118088018053364.97,0.0,0.0,0.0,0.0
4.237944078927105,2.7412982374960936e+16,2.7533693479776624e+16,120711104815708.69,0.0,0.0,0.0,0.0
4.422702960505647,2.8007539751037364e+16,2.813086894648291e+16,123329195445575.38,0.0,0.0,0.0,0.0
4.61115701971576,2.860125912199434e+16,2.8727202717979856e+16,125943595985516.33,0.0,0.0,0.0,0.0
4.803380160110075,2.9194417298709604e+16,2.9322972824061544e+16,128555525351899.84,0.0,0.0,0.0,0.0
4.9994477633122765,2.978727342960293e+16,2.9918439554288732e+16,131166124685781.86,0.0,0.0,0.0,0.0
5.199436718578522,3.038007084840534e+16,3.051384731389479e+16,133776465489417.75,0.0,0.0,0.0,0.0
5.403425452950093,3.097303868862747e+16,3.11094262453629e+16,136387556735450.17,0.0,0.0,0.0,0.0
5.611493962009095,3.156639329969624e+16,3.1705393650799012e+16,139000351102761.44,0.0,0.0,0.0,0.0
5.823723841249277,3.216033949371525e+16,3.230195524418171e+16,141615750466488.5,0.0,0.0,0.0,0.0
6.040198318074262,3.2755071646947676e+16,3.2899306257695936e+16,144234610748319.62,0.0,0.0,0.0,0.0
6.261002284435747,3.3350774676181404e+16,3.3497632422397204e+16,146857746215846.22,0.0,0.0,0.0,0.0
6.486222330124463,3.394762490691967e+16,3.4097110840225264e+16,149485933305572.7,0.0,0.0,0.0,0.0
6.715946776726952,3.4545790847701724e+16,3.469791076173432e+16,152119914032583.2,0.0,0.0,0.0,0.0
6.950265712261491,3.5145433882680244e+16,3.5300194281720504e+16,154760399040251.53,0.0,0.0,0.0,0.0
7.18927102650672,3.574670889278033e+16,3.5904116963115852e+16,157408070335469.8,0.0,0.0,0.0,0.0
7.433056447036854,3.634976481426211e+16,3.650982839801034e+16,160063583748236.72,0.0,0.0,0.0,0.0
7.681717575977592,3.695474514225321e+16,3.7117472713402056e+16,162727571148925.4,0.0,0.0,0.0,0.0
7.935351927497144,3.756178838576427e+16,3.7727189028216216e+16,165400642451912.44,0.0,0.0,0.0,0.0
8.194058966047088,3.817102847981221e+16,3.833911186724249e+16,168083387430327.97,0.0,0.0,0.0,0.0
8.45794014536803,3.87825951595229e+16,3.895337153688627e+16,170776377363392.47,0.0,0.0,0.0,0.0
8.72709894827539,3.939661430044792e+16,3.957009446698292e+16,173480166534975.7,0.0,0.0,0.0,0.0
9.0016409272409,4.001320822878615e+16,4.0189403522385816e+16,176195293599633.0,0.0,0.0,0.0,0.0
9.281673745785717,4.063249600473431e+16,4.081141828756458e+16,178922282830319.7,0.0,0.0,0.0,0.0
9.567307220701432,4.1254593681794776e+16,4.143625532705503e+16,181661645260235.66,0.0,0.0,0.0,0.0
9.85865336511546,4.187961454452328e+16,4.2064028424252984e+16,184413879729725.2,0.0,0.0,0.0,0.0
10.155826432417769,4.250766932690287e+16,4.269484880075071e+16,187179473847874.97,0.0,0.0,0.0,0.0
10.458942961066125,4.313886641327831e+16,4.3328825318155576e+16,189958904877311.34,0.0,0.0,0.0,0.0
10.768121820287448,4.3773312023558184e+16,4.396606466410777e+16,192752640549726.12,0.0,0.0,0.0,0.0
11.083484256693197,4.441111038420123e+16,4.460667152402005e+16,195561139818800.78,0.0,0.0,0.0,0.0
11.405153941827061,4.505236388633505e+16,4.525074873989145e+16,198384853556469.97,0.0,0.0,0.0,0.0
11.733257020663602,4.569717323220643e+16,4.589839745740428e+16,201224225197807.22,0.0,0.0,0.0,0.0
12.067922161076874,4.6345637571036216e+16,4.654971726237543e+16,204079691339249.34,0.0,0.0,0.0,0.0
12.409280604298411,4.699785462523438e+16,4.7204806307528776e+16,206951682294377.94,0.0,0.0,0.0,0.0
12.75746621638438,4.7653920807835704e+16,4.786376143044684e+16,209840622611035.72,0.0,0.0,0.0,0.0
13.112615540712067,4.8313931331924696e+16,4.852667826347802e+16,212746931553172.34,0.0,0.0,0.0,0.0
13.474867851526309,4.8977980312742184e+16,4.919365133629263e+16,215671023550463.94,0.0,0.0,0.0,0.0
13.844365208556836,4.964616086309879e+16,4.986477417171726e+16,218613308618461.97,0.0,0.0,0.0,0.0
14.221252512727972,5.031856518265616e+16,5.054013937540792e+16,221574192751727.1,0.0,0.0,0.0,0.0
14.605677562982532,5.0995284641584696e+16,5.121983871987694e+16,224554078292223.75,0.0,0.0,0.0,0.0
14.997791114242183,5.167640985905789e+16,5.190396322333275e+16,227553364274951.03,0.0,0.0,0.0,0.0
15.397746936527026,5.236203077700017e+16,5.259260322375287e+16,230572446752694.72,0.0,0.0,0.0,0.0
15.805701875257567,5.305223672946607e+16,5.328584844856763e+16,233611719101530.1,0.0,0.0,0.0,0.0
16.221815912762718,5.374711650799498e+16,5.398378808030349e+16,236671572308605.62,0.0,0.0,0.0,0.0
16.64625223101797,5.444675842325437e+16,5.468651081849793e+16,239752395243587.75,0.0,0.0,0.0,0.0
17.079177275638333,5.515125036325599e+16,5.539410493817092e+16,242854574915009.12,0.0,0.0,0.0,0.0
17.5207608211511,5.5860679848406536e+16,5.610665834511907e+16,245978496712680.97,0.0,0.0,0.0,0.0
17.97117603757412,5.6575134083629256e+16,5.682425862826639e+16,249124544637205.8,0.0,0.0,0.0,0.0
18.430599558325603,5.72947000077745e+16,5.754699310929208e+16,252293101517555.16,0.0,0.0,0.0,0.0
18.899211549492115,5.801946434051936e+16,5.827494888973682e+16,255484549217587.12,0.0,0.0,0.0,0.0
19.37719578048196,5.874951362693638e+16,5.9008212895768776e+16,258699268832303.53,0.0,0.0,0.0,0.0
19.864739696091597,5.948493427990393e+16,5.974687192077853e+16,261937640874595.38,0.0,0.0,0.0,0.0
20.36203449001343,6.02258126205055e+16,6.0491012665958744e+16,265200045453146.78,0.0,0.0,0.0,0.0
20.869275179813698,6.097223491656727e+16,6.1240721779009336e+16,268486862442123.97,0.0,0.0,0.0,0.0
21.38666068340997,6.172428741945807e+16,6.199608589110133e+16,271798471643228.9,0.0,0.0,0.0,0.0
21.91439389707817,6.248205639927754e+16,6.275719165221821e+16,275135252940640.28,0.0,0.0,0.0,0.0
22.452681775019734,6.324562817853895e+16,6.3524125764988376e+16,278497586449338.88,0.0,0.0,0.0,0.0
23.00173541052013,6.401508916445313e+16,6.429697501711055e+16,281885852657264.8,0.0,0.0,0.0,0.0
23.561770118730532,6.479052587990658e+16,6.5075826312468136e+16,285300432561729.2,0.0,0.0,0.0,0.0
24.133005521105144,6.5572024993221816e+16,6.5860766701022216e+16,288741707800458.5,0.0,0.0,0.0,0.0
24.715665631527248,6.635967334678262e+16,6.665188340756027e+16,292210060777648.9,0.0,0.0,0.0,0.0
25.309978944157795,6.715355798459797e+16,6.744926385938326e+16,295705874785336.2,0.0,0.0,0.0,0.0
25.91617852304095,6.795376617887667e+16,6.8252995712997064e+16,299229534120419.56,0.0,0.0,0.0,0.0
26.53450209350177,6.876038545567619e+16,6.906316687987368e+16,302781424197605.2,0.0,0.0,0.0,0.0
27.165192135371807,6.957350361968803e+16,6.987986555134663e+16,306361931658539.4,0.0,0.0,0.0,0.0
27.808495978079243,7.039320877821443e+16,7.070318022269206e+16,309971444477397.2,0.0,0.0,0.0,0.0
28.464665897640828,7.121958936439035e+16,7.153319971645354e+16,313610352063133.5,0.0,0.0,0.0,0.0
29.133959215593645,7.205273415969836e+16,7.237001320505702e+16,317279045358627.94,0.0,0.0,0.0,0.0
29.816638399905518,7.289273231582386e+16,7.321371023276066e+16,320977916936922.2,0.0,0.0,0.0,0.0
30.51297116790363,7.373967337589112e+16,7.406438073698576e+16,324707361094729.94,0.0,0.0,0.0,0.0
31.223230591261704,7.459364729512342e+16,7.492211506906683e+16,328467773943415.75,0.0,0.0,0.0,0.0
31.947695203086937,7.545474446096171e+16,7.578700401445933e+16,332259553497581.7,0.0,0.0,0.0,0.0
32.686649107148675,7.632305571267504e+16,7.66591388124365e+16,336083099761422.25,0.0,0.0,0.0,0.0
33.44038208929165,7.719867236050312e+16,7.753861117531635e+16,339938814813020.56,0.0,0.0,0.0,0.0
34.20918973107749,7.808168620435222e+16,7.842551330723907e+16,343827102886668.75,0.0,0.0,0.0,0.0
34.993373525699035,7.897218955208118e+16,7.931993792253464e+16,347748370453393.75,0.0,0.0,0.0,0.0
35.793240996213015,7.987027523739768e+16,8.02219782636977e+16,351703026299758.9,0.0,0.0,0.0,0.0
36.60910581613728,8.077603663739739e+16,8.113172811900258e+16,355691481605099.94,0.0,0.0,0.0,0.0
37.44128793246003,8.16895676897637e+16,8.204928183978126e+16,359714150017256.4,0.0,0.0,0.0,0.0
38.29011369110923,8.261096290965338e+16,8.297473435738003e+16,363771447726932.25,0.0,0.0,0.0,0.0
39.15591596493141,8.354031740628925e+16,8.390818119983024e+16,367863793540765.25,0.0,0.0,0.0,0.0
40.03903428423004,8.447772689928205e+16,8.484971850823514e+16,371991608953179.56,0.0,0.0,0.0,0.0
40.93981496991464,8.542328773469221e+16,8.57994430529094e+16,376155318217140.6,0.0,0.0,0.0,0.0
41.85861126931294,8.637709690086184e+16,8.675745224927586e+16,380355348413843.25,0.0,0.0,0.0,0.0
42.7957834946992,8.733925204402226e+16,8.772384417354378e+16,384592129521457.25,0.0,0.0,0.0,0.0
43.751699164593184,8.830985148369955e+16,8.869871757818258e+16,388866094482953.5,0.0,0.0,0.0,0.0
44.72673314788505,8.92889942279305e+16,8.968217190720352e+16,393177679273115.6,0.0,0.0,0.0,0.0
45.721267810842754,9.027677998830653e+16,9.067430731127112e+16,397527322964772.8,0.0,0.0,0.0,0.0
46.73569316705961,9.127330919485179e+16,9.167522466264608e+16,401915467794329.7,0.0,0.0,0.0,0.0
47.770407030400804,9.227868301075789e+16,9.268502556998459e+16,406342559226632.56,0.0,0.0,0.0,0.0
48.82581517100882,9.329300334698051e+16,9.370381239300011e+16,410809046019258.75,0.0,0.0,0.0,0.0
49.902331474429,9.431637287671011e+16,9.473168825699606e+16,415315380286229.6,0.0,0.0,0.0,0.0
51.000378103917576,9.534889504973027e+16,9.57687570672915e+16,419862017561243.0,0.0,0.0,0.0,0.0
52.120385665995926,9.639067410667486e+16,9.681512352353499e+16,424449416860441.56,0.0,0.0,0.0,0.0
53.262793379315845,9.744181509318794e+16,9.787089313393253e+16,429078040744780.56,0.0,0.0,0.0,0.0
54.42804924690216,9.850242387400235e+16,9.893617222938445e+16,433748355382009.25,0.0,0.0,0.0,0.0
55.616610231840205,9.957260714694384e+16,1.0001106797755224e+17,438460830608341.06,0.0,0.0,0.0,0.0
56.828942436477014,1.0065247245686602e+17,1.0109568839685592e+17,443215939989819.0,0.0,0.0,0.0,0.0
58.06552128520656,1.0174212820953211e+17,1.0219014237041554e+17,448014160883439.75,0.0,0.0,0.0,0.0
59.32683171091069,1.0284168368544086e+17,1.0329453965993915e+17,452855974498032.8,0.0,0.0,0.0,0.0
60.613368345128904,1.0395124905361522e+17,1.0440899091957026e+17,457741865954980.6,0.0,0.0,0.0,0.0
61.925635712031486,1.0507093538534995e+17,1.0553360770969862e+17,462672324348760.1,0.0,0.0,0.0,0.0
63.264148426272115,1.0620085466793616e+17,1.0666850251074354e+17,467647842807364.3,0.0,0.0,0.0,0.0
64.62943139479756,1.0734111981836002e+17,1.0781378873691267e+17,472668918552635.6,0.0,0.0,0.0,0.0
66.02202002269351,1.0849184469698624e+17,1.089695807499465e+17,477736052960515.7,0.0,0.0,0.0,0.0
67.44246042314738,1.0965314412123218e+17,1.1013599387285368e+17,482849751621265.1,0.0,0.0,0.0,0.0
68.89130963161033,1.1082513387924046e+17,1.1131314440364043e+17,488010524399649.5,0.0,0.0,0.0,0.0
70.36913582424253,1.1200793074354818e+17,1.1250114962904334e+17,493218885495157.94,0.0,0.0,0.0,0.0
71.87651854072739,1.1320165248476731e+17,1.1370012783826939e+17,498475353502227.06,0.0,0.0,0.0,0.0
73.41404891154194,1.1440641788527635e+17,1.1491019833674688e+17,503780451470531.3,0.0,0.0,0.0,0.0
74.98232988977279,1.1562234675292976e+17,1.1613148145989528e+17,509134706965361.0,0.0,0.0,0.0,0.0
76.58197648756824,1.1684955993478738e+17,1.1736409858691534e+17,514538652128063.94,0.0,0.0,0.0,0.0
78.21361601731961,1.1808817933087325e+17,1.1860817215461003e+17,519992823736647.9,0.0,0.0,0.0,0.0
79.87788833766601,1.1933832790796432e+17,1.1986382567123093e+17,525497763266492.4,0.0,0.0,0.0,0.0
81.57544610441933,1.2060012971341578e+17,1.211311837303669e+17,531054016951214.5,0.0,0.0,0.0,0.0
83.30695502650772,1.2187370988902422e+17,1.2241037202486822e+17,536662135843736.7,0.0,0.0,0.0,0.0
85.07309412703788,1.2315919468493875e+17,1.2370151736081621e+17,542322675877528.06,0.0,0.0,0.0,0.0
86.87455600957864,1.2445671147361522e+17,1.2500474767154328e+17,548036197928052.5,0.0,0.0,0.0,0.0
88.71204712977021,1.2576638876382542e+17,1.2632019203170018e+17,553803267874468.2,0.0,0.0,0.0,0.0
90.58628807236562,1.2708835621472242e+17,1.276479806713839e+17,559624456661541.75,0.0,0.0,0.0,0.0
92.49801383381293,1.2842274464996205e+17,1.2898824499032363e+17,565500340361852.8,0.0,0.0,0.0,0.0
94.4479741104892,1.2976968607188824e+17,1.303411175721265e+17,571431500238254.2,0.0,0.0,0.0,0.0
96.43693359269899,1.311293136757889e+17,1.3170673219859602e+17,577418522806628.8,0.0,0.0,0.0,0.0
98.46567226455298,1.3250176186421451e+17,1.3308522386411307e+17,583461999898957.8,0.0,0.0,0.0,0.0
100.53498570984404,1.3388716626137184e+17,1.344767287900987e+17,589562528726710.4,0.0,0.0,0.0,0.0
102.64568542404092,1.352856637275983e+17,1.3588138443954288e+17,595720711944553.1,0.0,0.0,0.0,0.0
104.79859913252174,1.3669739237390926e+17,1.3729932953162363e+17,601937157714426.8,0.0,0.0,0.0,0.0
106.99457111517218,1.3812249157663037e+17,1.3873070405640022e+17,608212479769981.1,0.0,0.0,0.0,0.0
109.23446253747562,1.395611019921164e+17,1.4017564928959774e+17,614547297481378.4,0.0,0.0,0.0,0.0
111.51915178822514,1.4101336557155584e+17,1.4163430780747624e+17,620942235920485.1,0.0,0.0,0.0,0.0
113.84953482398966,1.4247942557586733e+17,1.4310682350179349e+17,627397925926479.1,0.0,0.0,0.0,0.0
116.22652552046945,1.439594265906924e+17,1.44593341594864e+17,633915004171848.5,0.0,0.0,0.0,0.0
118.65105603087885,1.454535145414805e+17,1.4609400865470957e+17,640494113228842.4,0.0,0.0,0.0,0.0
121.12407715149642,1.469618367086794e+17,1.4760897261031584e+17,647135901636334.4,0.0,0.0,0.0,0.0
123.64655869452635,1.4848454174301936e+17,1.4913838276698698e+17,653841023967153.6,0.0,0.0,0.0,0.0
126.21948986841687,1.500217796809139e+17,1.5068238982180995e+17,660610140895872.8,0.0,0.0,0.0,0.0
128.8438796657852,1.5157370195995542e+17,1.522411458792219e+17,667443919267059.5,0.0,0.0,0.0,0.0
131.52075725910092,1.5314046143452842e+17,1.538148044666925e+17,674343032164031.1,0.0,0.0,0.0,0.0
134.25117240428295,1.5472221239153757e+17,1.5540352055051562e+17,681308158978093.4,0.0,0.0,0.0,0.0
137.03619585236862,1.563191105662417e+17,1.570074505517199e+17,688339985478280.6,0.0,0.0,0.0,0.0
139.876919769416,1.5793131315821293e+17,1.5862675236209482e+17,695439203881633.1,0.0,0.0,0.0,0.0
142.77445816480432,1.5955897884741587e+17,1.6026158536033987e+17,702606512923973.5,0.0,0.0,0.0,0.0
145.7299473281004,1.6120226781040314e+17,1.619121104283345e+17,709842617931261.4,0.0,0.0,0.0,0.0
148.7445462746624,1.6286134173664266e+17,1.6357848996753354e+17,717148230891462.4,0.0,0.0,0.0,0.0
151.81943720015568,1.645363638449677e+17,1.6526088791549494e+17,724524070526995.5,0.0,0.0,0.0,0.0
154.9558259441588,1.6622749890016102e+17,1.6695946976252787e+17,731970862367751.8,0.0,0.0,0.0,0.0
158.15494246304198,1.6793491322966506e+17,1.686744025684896e+17,739489338824689.4,0.0,0.0,0.0,0.0
161.41804131230282,1.696587747404328e+17,1.7040585497969664e+17,747080239264021.4,0.0,0.0,0.0,0.0
164.7464021385489,1.713992529359105e+17,1.7215399724599254e+17,754744310082003.9,0.0,0.0,0.0,0.0
168.14133018131986,1.7315651893316272e+17,1.7391900123794285e+17,762482304780346.1,0.0,0.0,0.0,0.0
171.60415678494627,1.7493074548013555e+17,1.7570104046417805e+17,770294984042230.0,0.0,0.0,0.0,0.0
175.1362399206452,1.7672210697306883e+17,1.7750029008887754e+17,778183115808973.0,0.0,0.0,0.0,0.0
178.73896471905812,1.78530779474046e+17,1.7931692694940384e+17,786147475357315.1,0.0,0.0,0.0,0.0
182.41374401343927,1.803569407287026e+17,1.811511295740799e+17,794188845377398.5,0.0,0.0,0.0,0.0
186.16201889370805,1.8220077018407302e+17,1.830030782001244e+17,802308016051345.9,0.0,0.0,0.0,0.0
189.9852592715822,1.8406244900660272e+17,1.848729547917354e+17,810505785132572.9,0.0,0.0,0.0,0.0
193.88496445701387,1.859421601003042e+17,1.8676094305833002e+17,818782958025757.5,0.0,0.0,0.0,0.0
197.86266374615414,1.8784008812507866e+17,1.886672284729461e+17,827140347867486.0,0.0,0.0,0.0,0.0
201.91991702107723,1.8975641951519274e+17,1.9059199829079994e+17,835578775607627.6,0.0,0.0,0.0,0.0
206.05831536149879,1.916913424979168e+17,1.925354415680077e+17,844099070091403.5,0.0,0.0,0.0,0.0
210.27948166872878,1.9364504711232826e+17,1.944977491804709e+17,852702068142182.8,0.0,0.0,0.0,0.0
214.58507130210336,1.956177252282838e+17,1.9647911384292886e+17,861388614645015.4,0.0,0.0,0.0,0.0
218.97677272814542,1.9760957056555344e+17,1.9847973012818422e+17,870159562630884.1,0.0,0.0,0.0,0.0
223.45630818270834,1.9962077871313037e+17,2.004997944864923e+17,879015773361734.6,0.0,0.0,0.0,0.0
228.02543434636252,2.016515471487112e+17,2.0253950526512784e+17,887958116416233.6,0.0,0.0,0.0,0.0
232.68594303328976,2.0370207525835504e+17,2.0459906272813136e+17,896987469776333.8,0.0,0.0,0.0,0.0
237.43966189395556,2.0577256435630906e+17,2.06678669076223e+17,906104719914562.1,0.0,0.0,0.0,0.0
242.28845513183467,2.0786321770502618e+17,2.0877852846690822e+17,915310761882154.0,0.0,0.0,0.0,0.0
247.23422423447136,2.0997424053535408e+17,2.1089884703475168e+17,924606499397922.8,0.0,0.0,0.0,0.0
252.2789087191608,2.121058400669069e+17,2.1303983291184534e+17,933992844937967.9,0.0,0.0,0.0,0.0
257.42448689354404,2.142582255286277e+17,2.1520169624845427e+17,943470719826158.2,0.0,0.0,0.0,0.0
262.67297663141494,2.1643160817952522e+17,2.1738464923384995e+17,953041054325450.8,0.0,0.0,0.0,0.0
268.0264361640432,2.1862620132960016e+17,2.1958890611733018e+17,962704787729990.1,0.0,0.0,0.0,0.0
273.48696488732406,2.2084222036096378e+17,2.2181468322942128e+17,972462868458043.0,0.0,0.0,0.0,0.0
279.05670418507054,2.2307988274912336e+17,2.2406219900326966e+17,982316254145717.5,0.0,0.0,0.0,0.0
284.73783826877195,2.2533940808446995e+17,2.2633167399621152e+17,992265911741480.8,0.0,0.0,0.0,0.0
290.5325950341474,2.2762101809392986e+17,2.286233309115312e+17,1002312817601475.2,0.0,0.0,0.0,0.0
296.44324693483037,2.2992493666279453e+17,2.309373946203805e+17,1012457957585550.6,0.0,0.0,0.0,0.0
302.47211187352696,2.3225138985672016e+17,2.3327409218387386e+17,1022702327154052.8,0.0,0.0,0.0,0.0
308.6215541109975,2.346006059438769e+17,2.3563365287534192e+17,1033046931465267.8,0.0,0.0,0.0,0.0
314.8939851932175,2.3697281541724634e+17,2.380163082027197e+17,1043492785473496.0,0.0,0.0,0.0,0.0
321.29186489708184,2.3936825101703597e+17,2.4042229193106413e+17,1054040914027621.0,0.0,0.0,0.0,0.0
327.81770219502346,2.4178714775319824e+17,2.4285184010516813e+17,1064692351970147.6,0.0,0.0,0.0,0.0
334.47405623892394,2.4422974292801034e+17,2.453051910722474e+17,1075448144236461.9,0.0,0.0,0.0,0.0
341.2635373637024,2.4669627615868806e+17,2.477825855046421e+17,1086309345954240.4,0.0,0.0,0.0,0.0
348.1888081109765,2.4918698939997024e+17,2.5028426642251248e+17,1097277022542716.9,0.0,0.0,0.0,0.0
355.252584273196,2.5170212696661715e+17,2.5281047921642874e+17,1108352249811533.8,0.0,0.0,0.0,0.0
362.4576359586599,2.542419355557485e+17,2.5536147166980726e+17,1119536114058871.5,0.0,0.0,0.0,0.0
369.80678867783314,2.5680666426891312e+17,2.579374939810819e+17,1130829712168372.2,0.0,0.0,0.0,0.0
377.3029244513898,2.5939656463377837e+17,2.6053879878548342e+17,1142234151704384.5,0.0,0.0,0.0,0.0
384.9489829404176,2.6201189062529594e+17,2.63165641176301e+17,1153750551004844.0,0.0,0.0,0.0,0.0
392.74796259922596,2.6465289868617683e+17,2.658182787254481e+17,1165380039271126.8,0.0,0.0,0.0,0.0
400.7029218512105,2.6731984774645322e+17,2.6849697150310688e+17,1177123756653802.0,0.0,0.0,0.0,0.0
408.8169802882347,2.7001299924189376e+17,2.712019820962276e+17,1188982854333375.0,0.0,0.0,0.0,0.0
417.09331989399936,2.7273261713098544e+17,2.739335756255804e+17,1200958494594634.5,0.0,0.0,0.0,0.0
425.53518629187937,2.7547896791013254e+17,2.7669201976102544e+17,1213051850893151.0,0.0,0.0,0.0,0.0
434.14589001771697,2.782523206266731e+17,2.79477584734585e+17,1225264107912128.8,0.0,0.0,0.0,0.0
442.92880781807133,2.8105294688926413e+17,2.8229054335087165e+17,1237596461607651.0,0.0,0.0,0.0,0.0
451.8873839744328,2.838811208750976e+17,2.8513117099433763e+17,1250050119239924.2,0.0,0.0,0.0,0.0
461.02513165392145,2.8673711933334122e+17,2.879997456327293e+17,1262626299387890.0,0.0,0.0,0.0,0.0
470.3456342869999,2.896212215841055e+17,2.908965478160492e+17,1275326231944111.8,0.0,0.0,0.0,0.0
479.8525469727399,2.9253370951216045e+17,2.9382186067024723e+17,1288151158086506.8,0.0,0.0,0.0,0.0
489.5495979121947,2.954748675545258e+17,2.967759698847491e+17,1301102330223062.0,0.0,0.0,0.0,0.0
499.4405898704386,2.9844498268092506e+17,2.997591636928306e+17,1314181011905164.0,0.0,0.0,0.0,0.0
509.52940166784737,3.014443443660312e+17,3.027717328437358e+17,1327388477704686.5,0.0,0.0,0.0,0.0
519.8199897012043,3.044732445522759e+17,3.058139705653259e+17,1340726013049561.2,0.0,0.0,0.0,0.0
530.3163894952285,3.075319776018873e+17,3.088861725158997e+17,1354194914011894.0,0.0,0.0,0.0,0.0
541.022717285133,3.1062084023670534e+17,3.119886367237484e+17,1367796487042226.2,0.0,0.0,0.0,0.0
551.9431716308356,3.137401314641802e+17,3.151216635128226e+17,1381532048642968.5,0.0,0.0,0.0,0.0
563.0820350634524,3.1689015248785146e+17,3.1828555541282464e+17,1395402924973488.0,0.0,0.0,0.0,0.0
574.4436757647214,3.200712066004622e+17,3.214806170518414e+17,1409410451378710.5,0.0,0.0,0.0,0.0
586.0325492800159,3.232835990577703e+17,3.2470715502960346e+17,1423555971832745.8,0.0,0.0,0.0,0.0
597.8532002656162,3.265276369309342e+17,3.279654777692232e+17,1437840838288152.2,0.0,0.0,0.0,0.0
609.9102642709286,3.298036289353483e+17,3.312558953452691e+17,1452266409921538.2,0.0,0.0,0.0,0.0
622.2084695563472,3.331118852335818e+17,3.3457871928584736e+17,1466834052265149.8,0.0,0.0,0.0,0.0
634.7526389474741,3.36452717210101e+17,3.379342623463151e+17,1481545136214152.2,0.0,0.0,0.0,0.0
647.5476917264236,3.3982643721525984e+17,3.41322838252159e+17,1496401036898711.8,0.0,0.0,0.0,0.0
660.5986455609521,3.432333582761112e+17,3.447447614085201e+17,1511403132409929.5,0.0,0.0,0.0,0.0
673.9106184721712,3.4667379377144026e+17,3.482003465738101e+17,1526552802368331.2,0.0,0.0,0.0,0.0
687.4888308416147,3.501480570684998e+17,3.5168990849482336e+17,1541851426323656.2,0.0,0.0,0.0,0.0
701.338607458447,3.53656461118836e+17,3.5521376150080966e+17,1557300381974669.5,0.0,0.0,0.0,0.0
715.4653796076159,3.5719931801070656e+17,3.5877221905390426e+17,1572901043197792.8,0.0,0.0,0.0,0.0
729.8746871997682,3.607769384756243e+17,3.6236559325349786e+17,1588654777873765.8,0.0,0.0,0.0,0.0
744.5721809437637,3.643896313466068e+17,3.659941942921097e+17,1604562945501823.0,0.0,0.0,0.0,0.0
759.563624562639,3.680377029658829e+17,3.696583298604743e+17,1620626894591252.8,0.0,0.0,0.0,0.0
774.8548970538918,3.7172145653993965e+17,3.733583044997603e+17,1636847959821167.0,0.0,0.0,0.0,0.0
790.4519949949697,3.754411914399327e+17,3.7709441889889274e+17,1653227458959841.8,0.0,0.0,0.0,0.0
806.3610348948691,3.7919720244576346e+17,3.808669691352996e+17,1669766689535918.2,0.0,0.0,0.0,0.0
822.5882555927666,3.8298977893228755e+17,3.846762458575423e+17,1686466925255001.2,0.0,0.0,0.0,0.0
839.140020704622,3.86819203996435e+17,3.885225334085895e+17,1703329412156080.8,0.0,0.0,0.0,0.0
856.0228211187144,3.9068575352433286e+17,3.924061088888369e+17,1720355364503843.8,0.0,0.0,0.0,0.0
873.2432775410888,3.945896951978026e+17,3.963272411582173e+17,1737545960414151.2,0.0,0.0,0.0,0.0
890.8081430919106,3.985312874399738e+17,4.00286189777185e+17,1754902337211453.5,0.0,0.0,0.0,0.0
908.7243059537487,4.025107783001564e+17,4.042832038866743e+17,1772425586518882.0,0.0,0.0,0.0,0.0
926.9987920728238,4.065284042784531e+17,4.083185210275357e+17,1790116749083040.8,0.0,0.0,0.0,0.0
945.6387679142803,4.105843890910689e+17,4.1239236590040634e+17,1807976809337779.0,0.0,0.0,0.0,0.0
964.6515432725658,4.1467894237761446e+17,4.1650494906732634e+17,1826006689712622.5,0.0,0.0,0.0,0.0
984.0445741380172,4.188122583522258e+17,4.206564655969204e+17,1844207244693910.2,0.0,0.0,0.0,0.0
1003.8254656207775,4.2298451440068224e+17,4.248470936553306e+17,1862579254648199.2,0.0,0.0,0.0,0.0
1024.0019749331932,4.271958696261745e+17,4.290769930455933e+17,1881123419419700.8,0.0,0.0,0.0,0.0
1044.582014431857,4.314464633468385e+17,4.3334630369855424e+17,1899840351715364.0,0.0,0.0,0.0,0.0
1065.5736547204942,4.3573641354854854e+17,4.376551441188417e+17,1918730570293051.8,0.0,0.0,0.0,0.0
1086.9851278149042,4.400658152969171e+17,4.420036097898875e+17,1937794492970181.2,0.0,0.0,0.0,0.0
1108.8248303712023,4.444347391128136e+17,4.463917715422847e+17,1957032429471827.8,0.0,0.0,0.0,0.0
1131.1013269786263,4.488432293161714e+17,4.508196738903097e+17,1976444574139219.0,0.0,0.0,0.0,0.0
1153.823353518199,4.532913023431323e+17,4.552873333416534e+17,1996030998520958.2,0.0,0.0,0.0,0.0
1176.999820588563,4.5777894504193594e+17,4.5979473668580685e+17,2015791643870707.2,0.0,0.0,0.0,0.0
1200.6398170003342,4.623061129533174e+17,4.643418392668947e+17,2035726313576695.2,0.0,0.0,0.0,0.0
1224.752613340341,4.668727285813489e+17,4.689285632468991e+17,2055834665549307.2,0.0,0.0,0.0,0.0
1249.3476656071477,4.714786796610077e+17,4.73554795865602e+17,2076116204594245.0,0.0,0.0,0.0,0.0
1274.4346189192906,4.761238174288463e+17,4.782203877036454e+17,2096570274799414.2,0.0,0.0,0.0,0.0
1300.0233112976764,4.808079549034014e+17,4.8292515095536634e+17,2117196051964830.0,0.0,0.0,0.0,0.0
1326.12377752363,4.855308651820144e+17,4.8766885771811936e+17,2137992536104752.2,0.0,0.0,0.0,0.0
1352.7462530741027,4.9029227976083616e+17,4.924512383048875e+17,2158958544052011.5,0.0,0.0,0.0,0.0
1379.9011781355848,4.950918868849092e+17,4.972719795871054e+17,2180092702194845.8,0.0,0.0,0.0,0.0
1407.5992016982966,4.9992932993505805e+17,5.0213072337443424e+17,2201393439375813.2,0.0,0.0,0.0,0.0
1435.8511857322626,5.04804205858459e+17,5.070270648384414e+17,2222858979983112.8,0.0,0.0,0.0,0.0
1464.668209446908,5.097160636495329e+17,5.119605509867952e+17,2244487337263538.8,0.0,0.0,0.0,0.0
1494.0615736358461,5.1466440288774534e+17,5.169306791946321e+17,2266276306886011.5,0.0,0.0,0.0,0.0
1524.042805108563,5.1964867233882746e+17,5.2193689579961274e+17,2288223460784460.5,0.0,0.0,0.0,0.0
1554.6236612107343,5.246682686255674e+17,5.269785947668739e+17,2310326141307045.0,0.0,0.0,0.0,0.0
1585.816134434949,5.297225349743067e+17,5.320551164300052e+17,2332581455698734.5,0.0,0.0,0.0,0.0
1617.632457123648,5.3481076004289363e+17,5.3716574631383546e+17,2354986270942651.5,0.0,0.0,0.0,0.0
1650.085106266121,5.399321768356856e+17,5.423097140446693e+17,2377537208984657.0,0.0,0.0,0.0,0.0
1683.1868083914435,5.4508596171090003e+17,5.4748619235326406e+17,2400230642364667.5,0.0,0.0,0.0,0.0
1716.9505445592724,5.502712334852422e+17,5.526942961755176e+17,2423062690276247.5,0.0,0.0,0.0,0.0
1751.389555450458,5.5548705264052045e+17,5.579330818555962e+17,2446029215075366.0,0.0,0.0,0.0,0.0
1786.5173465594671,5.607324206367163e+17,5.6320154645597376e+17,2469125819257837.5,0.0,0.0,0.0,0.0
1822.3476934906564,5.6600627933551366e+17,5.684986271784368e+17,2492347842923179.5,0.0,0.0,0.0,0.0
1858.8946473604697,5.713075105380643e+17,5.738232008998071e+17,2515690361741520.5,0.0,0.0,0.0,0.0
1896.1725403076791,5.76634935640538e+17,5.791740838259766e+17,2539148185439012.5,0.0,0.0,0.0,0.0
1934.1959911138329,5.81987315410583e+17,5.845500312673979e+17,2562715856815811.0,0.0,0.0,0.0,0.0
1972.9799109361095,5.873633498876164e+17,5.899497375389257e+17,2586387651309110.0,0.0,0.0,0.0,0.0
2012.5395091548316,5.927616784096372e+17,5.9537183598675e+17,2610157577113379.5,0.0,0.0,0.0,0.0
2052.8902993379284,5.981808797688673e+17,6.00814899144735e+17,2634019375867823.0,0.0,0.0,0.0,0.0
2094.048105324687,6.036194724985132e+17,6.062774390224333e+17,2657966523921137.5,0.0,0.0,0.0,0.0
2136.029067431181,6.090759152924279e+17,6.117579075266093e+17,2681992234181414.5,0.0,0.0,0.0,0.0
2178.8496487798047,6.145486075596097e+17,6.172546970181692e+17,2706089458559728.5,0.0,0.0,0.0,0.0
2222.5266417554008,6.200358901149772e+17,6.227661410059923e+17,2730250891013747.5,0.0,0.0,0.0,0.0
2267.077174590509,6.255360460078668e+17,6.282905149790639e+17,2754468971197686.5,0.0,0.0,0.0,0.0
2312.518718082319,6.310473014896285e+17,6.338260373783535e+17,2778735888724688.0,0.0,0.0,0.0,0.0
2358.8690924439657,6.365678271213544e+17,6.393708707094004e+17,2803043588046121.5,0.0,0.0,0.0,0.0
2406.146474292845,6.420957390228238e+17,6.449231227967767e+17,2827383773952706.5,0.0,0.0,0.0,0.0
2454.3694037787022,6.476291002635935e+17,6.504808481812946e+17,2851747917701274.5,0.0,0.0,0.0,0.0
2503.5567918542765,6.531659223970968e+17,6.560420496608681e+17,2876127263771366.5,0.0,0.0,0.0,0.0
2553.7279276913623,6.587041671384445e+17,6.616046799756986e+17,2900512837254214.5,0.0,0.0,0.0,0.0
2604.9024862451897,6.642417481865445e+17,6.671666436384221e+17,2924895451877241.5,0.0,0.0,0.0,0.0
2657.1005359700935,6.69776533191113e+17,6.72725798909779e+17,2949265718666395.0,0.0,0.0,0.0,0.0
2710.3425466894955,6.753063458649699e+17,6.78279959920219e+17,2973614055247996.5,0.0,0.0,0.0,0.0
2764.6493976232855,6.80828968241908e+17,6.838268989376993e+17,2997930695791497.5,0.0,0.0,0.0,0.0
2820.0423855757513,6.863421430801083e+17,6.893643487816988e+17,3022205701592928.5,0.0,0.0,0.0,0.0
2876.5432332872665,6.918435764112177e+17,6.948900053835168e+17,3046428972299572.0,0.0,0.0,0.0,0.0
2934.174097953012,6.973309402346875e+17,7.004015304924628e+17,3070590257774040.0,0.0,0.0,0.0,0.0
2992.957579912072,7.02801875356851e+17,7.058965545274472e+17,3094679170595520.5,0.0,0.0,0.0,0.0
3052.9167315103136,7.08253994373916e+17,7.113726795731113e+17,3118685199194519.0,0.0,0.0,0.0,0.0
3114.07506614052,7.136848847977318e+17,7.168274825193476e+17,3142597721616034.0,0.0,0.0,0.0,0.0
3176.4565674633304,7.190921123227805e+17,7.222585183426842e+17,3166406019904394.5,0.0,0.0,0.0,0.0
3240.085698812597,7.244732242324781e+17,7.276633235275791e+17,3190099295101260.5,0.0,0.0,0.0,0.0
3304.987412788849,7.298257529423268e+17,7.330394196251731e+17,3213666682845999.0,0.0,0.0,0.0,0.0
3371.187161044626,7.351472196769906e+17,7.383843169465572e+17,3237097269565524.0,0.0,0.0,0.0,0.0
3438.7109042655184,7.404351382778518e+17,7.436955183870903e+17,3260380109238465.5,0.0,0.0,0.0,0.0
3507.585122350829,7.456870191369125e+17,7.489705233776284e+17,3283504240715338.5,0.0,0.0,0.0,0.0
3577.8368247978456,7.509003732522341e+17,7.542068319578083e+17,3306458705573734.5,0.0,0.0,0.0,0.0
3649.4935612938025,7.56072716399454e+17,7.594019489659375e+17,3329232566484292.5,0.0,0.0,0.0,0.0
3722.5834325196784,7.6120157341325e+17,7.645533883393105e+17,3351814926060631.0,0.0,0.0,0.0,0.0
3797.135101170072,7.662844825716202e+17,7.696586775177793e+17,3374194946161662.5,0.0,0.0,0.0,0.0
3873.1778031934737,7.713190000752378e+17,7.747153619428498e+17,3396361867612403.5,0.0,0.0,0.0,0.0
3950.741359257343,7.763027046132745e+17,7.797210096435784e+17,3418305030305200.5,0.0,0.0,0.0,0.0
4029.85618644249,7.812332020059277e+17,7.846732158995635e+17,3440013893638565.0,0.0,0.0,0.0,0.0
4110.55331017134,7.861081299135574e+17,7.895696079708046e+17,3461478057248954.5,0.0,0.0,0.0,0.0
4192.864376374767,7.909251626008909e+17,7.944078498828759e+17,3482687281984898.5,0.0,0.0,0.0,0.0
4276.821663902262,7.956820157441151e+17,7.99185647255184e+17,3503631511069827.5,0.0,0.0,0.0,0.0
4362.458097180307,8.003764512678638e+17,8.039007521592602e+17,3524300891396146.5,0.0,0.0,0.0,0.0
4449.807259123913,8.050062821980177e+17,8.085509679929068e+17,3544685794888980.5,0.0,0.0,0.0,0.0
4538.903404306392,8.095693775154495e+17,8.131341543553242e+17,3564776839873737.0,0.0,0.0,0.0,0.0
4629.78147239252,8.14063666995173e+17,8.176482319075514e+17,3584564912379374.0,0.0,0.0,0.0,0.0
4722.477101840371,8.184871460143656e+17,8.22091187201669e+17,3604041187304384.5,0.0,0.0,0.0,0.0
4817.026643877179,8.228378803118804e+17,8.264610774612495e+17,3623197149369192.0,0.0,0.0,0.0,0.0
4913.4671767547225,8.27114010681837e+17,8.307560352956143e+17,3642024613778046.5,0.0,0.0,0.0,0.0
5011.836520289817,8.313137575821715e+17,8.349742733286761e+17,3660515746506505.0,0.0,0.0,0.0,0.0
5112.173250695613,8.3543542563957e+17,8.391140887237024e+17,3678663084132631.5,0.0,0.0,0.0,0.0
5214.516715709526,8.394774080310111e+17,8.431738675841361e+17,3696459553124722.5,0.0,0.0,0.0,0.0
5318.907050023717,8.43438190722185e+17,8.47152089210683e+17,3713898488499031.0,0.0,0.0,0.0,0.0
5425.385191024191,8.47316356542493e+17,8.510473301942515e+17,3730973651757813.5,0.0,0.0,0.0,0.0
5533.992894844675,8.511105890764061e+17,8.54858268324426e+17,3747679248018864.0,0.0,0.0,0.0,0.0
5644.772752741568,8.548196763508393e+17,8.585836862930867e+17,3764009942246958.0,0.0,0.0,0.0,0.0
5757.7682077964,8.58442514298164e+17,8.622224751726618e+17,3779960874497483.5,0.0,0.0,0.0,0.0
5873.023571952328,8.61978109974962e+17,8.657736376490456e+17,3795527674084685.0,0.0,0.0,0.0,0.0
5990.5840433913745,8.654255845166602e+17,8.69236290989247e+17,3810706472587117.0,0.0,0.0,0.0,0.0
6110.495724259202,8.687841758089702e+17,8.726096697245783e+17,3825493915606286.5,0.0,0.0,0.0,0.0
6232.805638744386,8.720532408575142e+17,8.758931280307105e+17,3839887173196573.0,0.0,0.0,0.0,0.0
6357.5617515192735,8.720532408575142e+17,8.758931280307105e+17,3839887173196573.0,0.0,0.0,0.0,0.0
6484.812986549659,8.720532408575142e+17,8.758931280307105e+17,3839887173196573.0,0.0,0.0,0.0,0.0
6614.609246280653,8.720532408575142e+17,8.758931280307105e+17,3839887173196573.0,0.0,0.0,0.0,0.0
6747.001431206266,8.720532408575142e+17,8.758931280307105e+17,3839887173196573.0,0.0,0.0,0.0,0.0
6882.041459830391,8.720532408575142e+17,8.758931280307105e+17,3839887173196573.0,0.0,0.0,0.0,0.0
7019.782289026999,8.720532408575142e+17,8.758931280307105e+17,3839887173196573.0,0.0,0.0,0.0,0.0
7160.277934807539,8.720532408575142e+17,8.758931280307105e+17,3839887173196573.0,0.0,0.0,0.0,0.0
7303.58349350369,8.720532408575142e+17,8.758931280307105e+17,3839887173196573.0,0.0,0.0,0.0,0.0
7449.755163373764,8.720532408575142e+17,8.758931280307105e+17,3839887173196573.0,0.0,0.0,0.0,0.0
7598.85026664124,8.720532408575142e+17,8.758931280307105e+17,3839887173196573.0,0.0,0.0,0.0,0.0
7750.927271974065,8.720532408575142e+17,8.758931280307105e+17,3839887173196573.0,0.0,0.0,0.0,0.0
7906.0458174135465,8.720532408575142e+17,8.758931280307105e+17,3839887173196573.0,0.0,0.0,0.0,0.0
8064.266733761818,8.720532408575142e+17,8.758931280307105e+17,3839887173196573.0,0.0,0.0,0.0,0.0
8225.652068437053,8.720532408575142e+17,8.758931280307105e+17,3839887173196573.0,0.0,0.0,0.0,0.0
8390.265109805794,8.720532408575142e+17,8.758931280307105e+17,3839887173196573.0,0.0,0.0,0.0,0.0
8558.17041200191,8.720532408575142e+17,8.758931280307105e+17,3839887173196573.0,0.0,0.0,0.0,0.0
8729.433820241948,8.720532408575142e+17,8.758931280307105e+17,3839887173196573.0,0.0,0.0,0.0,0.0
8904.122496646787,8.720532408575142e+17,8.758931280307105e+17,3839887173196573.0,0.0,0.0,0.0,0.0
9082.304946579723,8.720532408575142e+17,8.758931280307105e+17,3839887173196573.0,0.0,0.0,0.0,0.0
9264.051045511318,8.720532408575142e+17,8.758931280307105e+17,3839887173196573.0,0.0,0.0,0.0,0.0
9449.432066421545,8.720532408575142e+17,8.758931280307105e+17,3839887173196573.0,0.0,0.0,0.0,0.0
9638.520707749976,8.720532408575142e+17,8.758931280307105e+17,3839887173196573.0,0.0,0.0,0.0,0.0
9831.391121904975,8.720532408575142e+17,8.758931280307105e+17,3839887173196573.0,0.0,0.0,0.0,0.0
10028.118944343074,8.720532408575142e+17,8.758931280307105e+17,3839887173196573.0,0.0,0.0,0.0,0.0
10228.781323229936,8.720532408575142e+17,8.758931280307105e+17,3839887173196573.0,0.0,0.0,0.0,0.0
10433.456949694535,8.720532408575142e+17,8.758931280307105e+17,3839887173196573.0,0.0,0.0,0.0,0.0
10642.226088688425,8.720532408575142e+17,8.758931280307105e+17,3839887173196573.0,0.0,0.0,0.0,0.0
10855.170610462194,8.720532408575142e+17,8.758931280307105e+17,3839887173196573.0,0.0,0.0,0.0,0.0
11072.374022671438,8.720532408575142e+17,8.758931280307105e+17,3839887173196573.0,0.0,0.0,0.0,0.0
11293.921503124868,8.720532408575142e+17,8.758931280307105e+17,3839887173196573.0,0.0,0.0,0.0,0.0
11519.899933187366,8.720532408575142e+17,8.758931280307105e+17,3839887173196573.0,0.0,0.0,0.0,0.0
11750.397931851114,8.720532408575142e+17,8.758931280307105e+17,3839887173196573.0,0.0,0.0,0.0,0.0
11985.505890488137,8.720532408575142e+17,8.758931280307105e+17,3839887173196573.0,0.0,0.0,0.0,0.0
12225.3160082979,8.720532408575142e+17,8.758931280307105e+17,3839887173196573.0,0.0,0.0,0.0,0.0
12469.922328463857,8.720532408575142e+17,8.758931280307105e+17,3839887173196573.0,0.0,0.0,0.0,0.0
12719.420775033135,8.720532408575142e+17,8.758931280307105e+17,3839887173196573.0,0.0,0.0,0.0,0.0
12973.909190533797,8.720532408575142e+17,8.758931280307105e+17,3839887173196573.0,0.0,0.0,0.0,0.0
13233.487374344473,8.720532408575142e+17,8.758931280307105e+17,3839887173196573.0,0.0,0.0,0.0,0.0
13498.257121831362,8.720532408575142e+17,8.758931280307105e+17,3839887173196573.0,0.0,0.0,0.0,0.0
13768.32226426799,8.720532408575142e+17,8.758931280307105e+17,3839887173196573.0,0.0,0.0,0.0,0.0
14043.78870955335,8.720532408575142e+17,8.758931280307105e+17,3839887173196573.0,0.0,0.0,0.0,0.0
14324.764483744417,8.720532408575142e+17,8.758931280307105e+17,3839887173196573.0,0.0,0.0,0.0,0.0
14611.359773419306,8.720532408575142e+17,8.758931280307105e+17,3839887173196573.0,0.0,0.0,0.0,0.0
14903.686968887692,8.720532408575142e+17,8.758931280307105e+17,3839887173196573.0,0.0,0.0,0.0,0.0
15201.860708265447,8.720532408575142e+17,8.758931280307105e+17,3839887173196573.0,0.0,0.0,0.0,0.0
15505.997922430757,8.720532408575142e+17,8.758931280307105e+17,3839887173196573.0,0.0,0.0,0.0,0.0
15816.217880879372,8.720532408575142e+17,8.758931280307105e+17,3839887173196573.0,0.0,0.0,0.0,0.0
16132.64223849696,8.720532408575142e+17,8.758931280307105e+17,3839887173196573.0,0.0,0.0,0.0,0.0
16455.3950832669,8.720532408575142e+17,8.758931280307105e+17,3839887173196573.0,0.0,0.0,0.0,0.0
16784.602984932237,8.720532408575142e+17,8.758931280307105e+17,3839887173196573.0,0.0,0.0,0.0,0.0
17120.39504463088,8.720532408575142e+17,8.758931280307105e+17,3839887173196573.0,0.0,0.0,0.0,0.0
17462.9029455235,8.720532408575142e+17,8.758931280307105e+17,3839887173196573.0,0.0,0.0,0.0,0.0
17812.26100443397,8.720532408575142e+17,8.758931280307105e+17,3839887173196573.0,0.0,0.0,0.0,0.0
18168.60622452265,8.720532408575142e+17,8.758931280307105e+17,3839887173196573.0,0.0,0.0,0.0,0.0
18532.078349013103,8.720532408575142e+17,8.758931280307105e+17,3839887173196573.0,0.0,0.0,0.0,0.0
18902.819915993365,8.720532408575142e+17,8.758931280307105e+17,3839887173196573.0,0.0,0.0,0.0,0.0
19280.976314313233,8.720532408575142e+17,8.758931280307105e+17,3839887173196573.0,0.0,0.0,0.0,0.0
19666.6958405995,8.720532408575142e+17,8.758931280307105e+17,3839887173196573.0,0.0,0.0,0.0,0.0
20060.12975741149,8.720532408575142e+17,8.758931280307105e+17,3839887173196573.0,0.0,0.0,0.0,0.0
20461.43235255972,8.720532408575142e+17,8.758931280307105e+17,3839887173196573.0,0.0,0.0,0.0,0.0
20870.760999610917,8.720532408575142e+17,8.758931280307105e+17,3839887173196573.0,0.0,0.0,0.0,0.0
21288.276219603136,8.720532408575142e+17,8.758931280307105e+17,3839887173196573.0,0.0,0.0,0.0,0.0
21714.1417439952,8.720532408575142e+17,8.758931280307105e+17,3839887173196573.0,0.0,0.0,0.0,0.0
22148.5245788751,8.720532408575142e+17,8.758931280307105e+17,3839887173196573.0,0.0,0.0,0.0,0.0
22591.595070452604,8.720532408575142e+17,8.758931280307105e+17,3839887173196573.0,0.0,0.0,0.0,0.0
23043.52697186166,8.720532408575142e+17,8.758931280307105e+17,3839887173196573.0,0.0,0.0,0.0,0.0
23504.49751129889,8.720532408575142e+17,8.758931280307105e+17,3839887173196573.0,0.0,0.0,0.0,0.0
23974.687461524867,8.720532408575142e+17,8.758931280307105e+17,3839887173196573.0,0.0,0.0,0.0,0.0
24454.281210755365,8.720532408575142e+17,8.758931280307105e+17,3839887173196573.0,0.0,0.0,0.0,0.0
24943.466834970473,8.720532408575142e+17,8.758931280307105e+17,3839887173196573.0,0.0,0.0,0.0,0.0
25442.436171669884,8.720532408575142e+17,8.758931280307105e+17,3839887173196573.0,0.0,0.0,0.0,0.0
25951.38489510328,8.720532408575142e+17,8.758931280307105e+17,3839887173196573.0,0.0,0.0,0.0,0.0
26470.512593005347,8.720532408575142e+17,8.758931280307105e+17,3839887173196573.0,0.0,0.0,0.0,0.0
27000.022844865456,8.720532408575142e+17,8.758931280307105e+17,3839887173196573.0,0.0,0.0,0.0,0.0
27540.123301762767,8.720532408575142e+17,8.758931280307105e+17,3839887173196573.0,0.0,0.0,0.0,0.0
28091.025767798023,8.720532408575142e+17,8.758931280307105e+17,3839887173196573.0,0.0,0.0,0.0,0.0
28652.946283153982,8.720532408575142e+17,8.758931280307105e+17,3839887173196573.0,0.0,0.0,0.0,0.0
29226.10520881706,8.720532408575142e+17,8.758931280307105e+17,3839887173196573.0,0.0,0.0,0.0,0.0
29810.727312993404,8.720532408575142e+17,8.758931280307105e+17,3839887173196573.0,0.0,0.0,0.0,0.0
30407.041859253273,8.720532408575142e+17,8.758931280307105e+17,3839887173196573.0,0.0,0.0,0.0,0.0
31015.28269643834,8.720532408575142e+17,8.758931280307105e+17,3839887173196573.0,0.0,0.0,0.0,0.0
31635.688350367105,8.720532408575142e+17,8.758931280307105e+17,3839887173196573.0,0.0,0.0,0.0,0.0
32268.502117374446,8.720532408575142e+17,8.758931280307105e+17,3839887173196573.0,0.0,0.0,0.0,0.0
32913.97215972193,8.720532408575142e+17,8.758931280307105e+17,3839887173196573.0,0.0,0.0,0.0,0.0
33572.35160291637,8.720532408575142e+17,8.758931280307105e+17,3839887173196573.0,0.0,0.0,0.0,0.0
34243.8986349747,8.720532408575142e+17,8.758931280307105e+17,3839887173196573.0,0.0,0.0,0.0,0.0
34928.876607674196,8.720532408575142e+17,8.758931280307105e+17,3839887173196573.0,0.0,0.0,0.0,0.0
35627.554139827684,8.720532408575142e+17,8.758931280307105e+17,3839887173196573.0,0.0,0.0,0.0,0.0
36340.20522262424,8.720532408575142e+17,8.758931280307105e+17,3839887173196573.0,0.0,0.0,0.0,0.0
37067.10932707672,8.720532408575142e+17,8.758931280307105e+17,3839887173196573.0,0.0,0.0,0.0,0.0
37808.55151361826,8.720532408575142e+17,8.758931280307105e+17,3839887173196573.0,0.0,0.0,0.0,0.0
38564.82254389062,8.720532408575142e+17,8.758931280307105e+17,3839887173196573.0,0.0,0.0,0.0,0.0
39336.21899476844,8.720532408575142e+17,8.758931280307105e+17,3839887173196573.0,0.0,0.0,0.0,0.0
40123.04337466381,8.720532408575142e+17,8.758931280307105e+17,3839887173196573.0,0.0,0.0,0.0,0.0
40925.60424215708,8.720532408575142e+17,8.758931280307105e+17,3839887173196573.0,0.0,0.0,0.0,0.0
41744.21632700023,8.720532408575142e+17,8.758931280307105e+17,3839887173196573.0,0.0,0.0,0.0,0.0
42579.20065354023,8.720532408575142e+17,8.758931280307105e+17,3839887173196573.0,0.0,0.0,0.0,0.0
43430.88466661104,8.720532408575142e+17,8.758931280307105e+17,3839887173196573.0,0.0,0.0,0.0,0.0
44299.60235994326,8.720532408575142e+17,8.758931280307105e+17,3839887173196573.0,0.0,0.0,0.0,0.0
45185.694407142124,8.720532408575142e+17,8.758931280307105e+17,3839887173196573.0,0.0,0.0,0.0,0.0
46089.50829528497,8.720532408575142e+17,8.758931280307105e+17,3839887173196573.0,0.0,0.0,0.0,0.0
47011.39846119067,8.720532408575142e+17,8.758931280307105e+17,3839887173196573.0,0.0,0.0,0.0,0.0
47951.726430414485,8.720532408575142e+17,8.758931280307105e+17,3839887173196573.0,0.0,0.0,0.0,0.0
48910.86095902277,8.720532408575142e+17,8.758931280307105e+17,3839887173196573.0,0.0,0.0,0.0,0.0
49889.17817820323,8.720532408575142e+17,8.758931280307105e+17,3839887173196573.0,0.0,0.0,0.0,0.0
50887.06174176729,8.720532408575142e+17,8.758931280307105e+17,3839887173196573.0,0.0,0.0,0.0,0.0
51904.902976602636,8.720532408575142e+17,8.758931280307105e+17,3839887173196573.0,0.0,0.0,0.0,0.0
52943.10103613469,8.720532408575142e+17,8.758931280307105e+17,3839887173196573.0,0.0,0.0,0.0,0.0
54002.06305685739,8.720532408575142e+17,8.758931280307105e+17,3839887173196573.0,0.0,0.0,0.0,0.0
55082.20431799454,8.720532408575142e+17,8.758931280307105e+17,3839887173196573.0,0.0,0.0,0.0,0.0
56183.94840435443,8.720532408575142e+17,8.758931280307105e+17,3839887173196573.0,0.0,0.0,0.0,0.0
57307.72737244152,8.720532408575142e+17,8.758931280307105e+17,3839887173196573.0,0.0,0.0,0.0,0.0
58453.98191989035,8.720532408575142e+17,8.758931280307105e+17,3839887173196573.0,0.0,0.0,0.0,0.0
59623.16155828816,8.720532408575142e+17,8.758931280307105e+17,3839887173196573.0,0.0,0.0,0.0,0.0
60815.72478945392,8.720532408575142e+17,8.758931280307105e+17,3839887173196573.0,0.0,0.0,0.0,0.0
62032.139285243,8.720532408575142e+17,8.758931280307105e+17,3839887173196573.0,0.0,0.0,0.0,0.0
63272.88207094786,8.720532408575142e+17,8.758931280307105e+17,3839887173196573.0,0.0,0.0,0.0,0.0
64538.43971236682,8.720532408575142e+17,8.758931280307105e+17,3839887173196573.0,0.0,0.0,0.0,0.0
65829.30850661415,8.720532408575142e+17,8.758931280307105e+17,3839887173196573.0,0.0,0.0,0.0,0.0
67145.99467674643,8.720532408575142e+17,8.758931280307105e+17,3839887173196573.0,0.0,0.0,0.0,0.0
68489.01457028136,8.720532408575142e+17,8.758931280307105e+17,3839887173196573.0,0.0,0.0,0.0,0.0
69858.89486168699,8.720532408575142e+17,8.758931280307105e+17,3839887173196573.0,0.0,0.0,0.0,0.0
71256.17275892073,8.720532408575142e+17,8.758931280307105e+17,3839887173196573.0,0.0,0.0,0.0,0.0
72681.39621409915,8.720532408575142e+17,8.758931280307105e+17,3839887173196573.0,0.0,0.0,0.0,0.0
74135.12413838113,8.720532408575142e+17,8.758931280307105e+17,3839887173196573.0,0.0,0.0,0.0,0.0
75617.92662114876,8.720532408575142e+17,8.758931280307105e+17,3839887173196573.0,0.0,0.0,0.0,0.0
77130.38515357173,8.720532408575142e+17,8.758931280307105e+17,3839887173196573.0,0.0,0.0,0.0,0.0
78673.09285664317,8.720532408575142e+17,8.758931280307105e+17,3839887173196573.0,0.0,0.0,0.0,0.0
80246.65471377604,8.720532408575142e+17,8.758931280307105e+17,3839887173196573.0,0.0,0.0,0.0,0.0
81851.68780805156,8.720532408575142e+17,8.758931280307105e+17,3839887173196573.0,0.0,0.0,0.0,0.0
83488.82156421259,8.720532408575142e+17,8.758931280307105e+17,3839887173196573.0,0.0,0.0,0.0,0.0
85158.69799549684,8.720532408575142e+17,8.758931280307105e+17,3839887173196573.0,0.0,0.0,0.0,0.0
86861.97195540679,8.720532408575142e+17,8.758931280307105e+17,3839887173196573.0,0.0,0.0,0.0,0.0
88599.31139451492,8.720532408575142e+17,8.758931280307105e+17,3839887173196573.0,0.0,0.0,0.0,0.0
90371.39762240522,8.720532408575142e+17,8.758931280307105e+17,3839887173196573.0,0.0,0.0,0.0,0.0
92178.92557485332,8.720532408575142e+17,8.758931280307105e+17,3839887173196573.0,0.0,0.0,0.0,0.0
94022.60408635039,8.720532408575142e+17,8.758931280307105e+17,3839887173196573.0,0.0,0.0,0.0,0.0
95903.1561680774,8.720532408575142e+17,8.758931280307105e+17,3839887173196573.0,0.0,0.0,0.0,0.0
97821.31929143895,8.720532408575142e+17,8.758931280307105e+17,3839887173196573.0,0.0,0.0,0.0,0.0
99777.84567726773,8.720532408575142e+17,8.758931280307105e+17,3839887173196573.0,0.0,0.0,0.0,0.0
101773.50259081309,8.720532408575142e+17,8.758931280307105e+17,3839887173196573.0,0.0,0.0,0.0,0.0
103809.07264262935,8.720532408575142e+17,8.758931280307105e+17,3839887173196573.0,0.0,0.0,0.0,0.0
105885.35409548195,8.720532408575142e+17,8.758931280307105e+17,3839887173196573.0,0.0,0.0,0.0,0.0
108003.1611773916,8.720532408575142e+17,8.758931280307105e+17,3839887173196573.0,0.0,0.0,0.0,0.0
110163.32440093943,8.720532408575142e+17,8.758931280307105e+17,3839887173196573.0,0.0,0.0,0.0,0.0
112366.69088895821,8.720532408575142e+17,8.758931280307105e+17,3839887173196573.0,0.0,0.0,0.0,0.0
114614.12470673738,8.720532408575142e+17,8.758931280307105e+17,3839887173196573.0,0.0,0.0,0.0,0.0
116906.50720087213,8.720532408575142e+17,8.758931280307105e+17,3839887173196573.0,0.0,0.0,0.0,0.0
119244.73734488958,8.720532408575142e+17,8.758931280307105e+17,3839887173196573.0,0.0,0.0,0.0,0.0
121629.73209178737,8.720532408575142e+17,8.758931280307105e+17,3839887173196573.0,0.0,0.0,0.0,0.0
124062.42673362313,8.720532408575142e+17,8.758931280307105e+17,3839887173196573.0,0.0,0.0,0.0,0.0
126543.77526829559,8.720532408575142e+17,8.758931280307105e+17,3839887173196573.0,0.0,0.0,0.0,0.0
129074.75077366151,8.720532408575142e+17,8.758931280307105e+17,3839887173196573.0,0.0,0.0,0.0,0.0
131656.34578913474,8.720532408575142e+17,8.758931280307105e+17,3839887173196573.0,0.0,0.0,0.0,0.0
134289.57270491743,8.720532408575142e+17,8.758931280307105e+17,3839887173196573.0,0.0,0.0,0.0,0.0
136975.46415901577,8.720532408575142e+17,8.758931280307105e+17,3839887173196573.0,0.0,0.0,0.0,0.0
139715.0734421961,8.720532408575142e+17,8.758931280307105e+17,3839887173196573.0,0.0,0.0,0.0,0.0
142509.47491104002,8.720532408575142e+17,8.758931280307105e+17,3839887173196573.0,0.0,0.0,0.0,0.0
145359.76440926082,8.720532408575142e+17,8.758931280307105e+17,3839887173196573.0,0.0,0.0,0.0,0.0
148267.05969744603,8.720532408575142e+17,8.758931280307105e+17,3839887173196573.0,0.0,0.0,0.0,0.0
151232.50089139497,8.720532408575142e+17,8.758931280307105e+17,3839887173196573.0,0.0,0.0,0.0,0.0
154257.25090922287,8.720532408575142e+17,8.758931280307105e+17,3839887173196573.0,0.0,0.0,0.0,0.0
157342.49592740732,8.720532408575142e+17,8.758931280307105e+17,3839887173196573.0,0.0,0.0,0.0,0.0
160489.44584595546,8.720532408575142e+17,8.758931280307105e+17,3839887173196573.0,0.0,0.0,0.0,0.0
163699.33476287458,8.720532408575142e+17,8.758931280307105e+17,3839887173196573.0,0.0,0.0,0.0,0.0
166973.42145813207,8.720532408575142e+17,8.758931280307105e+17,3839887173196573.0,0.0,0.0,0.0,0.0
170312.9898872947,8.720532408575142e+17,8.758931280307105e+17,3839887173196573.0,0.0,0.0,0.0,0.0
173719.3496850406,8.720532408575142e+17,8.758931280307105e+17,3839887173196573.0,0.0,0.0,0.0,0.0
177193.8366787414,8.720532408575142e+17,8.758931280307105e+17,3839887173196573.0,0.0,0.0,0.0,0.0
180737.81341231623,8.720532408575142e+17,8.758931280307105e+17,3839887173196573.0,0.0,0.0,0.0,0.0
184352.66968056257,8.720532408575142e+17,8.758931280307105e+17,3839887173196573.0,0.0,0.0,0.0,0.0
188039.82307417382,8.720532408575142e+17,8.758931280307105e+17,3839887173196573.0,0.0,0.0,0.0,0.0
191800.7195356573,8.720532408575142e+17,8.758931280307105e+17,3839887173196573.0,0.0,0.0,0.0,0.0
195636.83392637043,8.720532408575142e+17,8.758931280307105e+17,3839887173196573.0,0.0,0.0,0.0,0.0
199549.67060489784,8.720532408575142e+17,8.758931280307105e+17,3839887173196573.0,0.0,0.0,0.0,0.0
203540.7640169958,8.720532408575142e+17,8.758931280307105e+17,3839887173196573.0,0.0,0.0,0.0,0.0
207611.6792973357,8.720532408575142e+17,8.758931280307105e+17,3839887173196573.0,0.0,0.0,0.0,0.0
211764.0128832824,8.720532408575142e+17,8.758931280307105e+17,3839887173196573.0,0.0,0.0,0.0,0.0
215999.39314094806,8.720532408575142e+17,8.758931280307105e+17,3839887173196573.0,0.0,0.0,0.0,0.0
220319.48100376702,8.720532408575142e+17,8.758931280307105e+17,3839887173196573.0,0.0,0.0,0.0,0.0
224725.97062384238,8.720532408575142e+17,8.758931280307105e+17,3839887173196573.0,0.0,0.0,0.0,0.0
229220.59003631922,8.720532408575142e+17,8.758931280307105e+17,3839887173196573.0,0.0,0.0,0.0,0.0
233805.1018370456,8.720532408575142e+17,8.758931280307105e+17,3839887173196573.0,0.0,0.0,0.0,0.0
238481.30387378653,8.720532408575142e+17,8.758931280307105e+17,3839887173196573.0,0.0,0.0,0.0,0.0
243251.02995126226,8.720532408575142e+17,8.758931280307105e+17,3839887173196573.0,0.0,0.0,0.0,0.0
248116.1505502875,8.720532408575142e+17,8.758931280307105e+17,3839887173196573.0,0.0,0.0,0.0,0.0
253078.57356129328,8.720532408575142e+17,8.758931280307105e+17,3839887173196573.0,0.0,0.0,0.0,0.0
258140.24503251916,8.720532408575142e+17,8.758931280307105e+17,3839887173196573.0,0.0,0.0,0.0,0.0
263303.14993316954,8.720532408575142e+17,8.758931280307105e+17,3839887173196573.0,0.0,0.0,0.0,0.0
268569.3129318329,8.720532408575142e+17,8.758931280307105e+17,3839887173196573.0,0.0,0.0,0.0,0.0
273940.79919046955,8.720532408575142e+17,8.758931280307105e+17,3839887173196573.0,0.0,0.0,0.0,0.0
279419.71517427894,8.720532408575142e+17,8.758931280307105e+17,3839887173196573.0,0.0,0.0,0.0,0.0
285008.20947776455,8.720532408575142e+17,8.758931280307105e+17,3839887173196573.0,0.0,0.0,0.0,0.0
290708.47366731986,8.720532408575142e+17,8.758931280307105e+17,3839887173196573.0,0.0,0.0,0.0,0.0
296522.7431406663,8.720532408575142e+17,8.758931280307105e+17,3839887173196573.0,0.0,0.0,0.0,0.0
302453.2980034796,8.720532408575142e+17,8.758931280307105e+17,3839887173196573.0,0.0,0.0,0.0,0.0
308502.4639635492,8.720532408575142e+17,8.758931280307105e+17,3839887173196573.0,0.0,0.0,0.0,0.0
314672.61324282014,8.720532408575142e+17,8.758931280307105e+17,3839887173196573.0,0.0,0.0,0.0,0.0
320966.16550767655,8.720532408575142e+17,8.758931280307105e+17,3839887173196573.0,0.0,0.0,0.0,0.0
327385.5888178301,8.720532408575142e+17,8.758931280307105e+17,3839887173196573.0,0.0,0.0,0.0,0.0
333933.4005941867,8.720532408575142e+17,8.758931280307105e+17,3839887173196573.0,0.0,0.0,0.0,0.0
340612.1686060704,8.720532408575142e+17,8.758931280307105e+17,3839887173196573.0,0.0,0.0,0.0,0.0
347424.5119781918,8.720532408575142e+17,8.758931280307105e+17,3839887173196573.0,0.0,0.0,0.0,0.0
354373.10221775563,8.720532408575142e+17,8.758931280307105e+17,3839887173196573.0,0.0,0.0,0.0,0.0
361460.6642621108,8.720532408575142e+17,8.758931280307105e+17,3839887173196573.0,0.0,0.0,0.0,0.0
368689.977547353,8.720532408575142e+17,8.758931280307105e+17,3839887173196573.0,0.0,0.0,0.0,0.0
376063.8770983001,8.720532408575142e+17,8.758931280307105e+17,3839887173196573.0,0.0,0.0,0.0,0.0
383585.25464026607,8.720532408575142e+17,8.758931280307105e+17,3839887173196573.0,0.0,0.0,0.0,0.0
391257.0597330714,8.720532408575142e+17,8.758931280307105e+17,3839887173196573.0,0.0,0.0,0.0,0.0
399082.30092773284,8.720532408575142e+17,8.758931280307105e+17,3839887173196573.0,0.0,0.0,0.0,0.0
407064.0469462875,8.720532408575142e+17,8.758931280307105e+17,3839887173196573.0,0.0,0.0,0.0,0.0
415205.4278852133,8.720532408575142e+17,8.758931280307105e+17,3839887173196573.0,0.0,0.0,0.0,0.0
423509.6364429176,8.720532408575142e+17,8.758931280307105e+17,3839887173196573.0,0.0,0.0,0.0,0.0
431979.92917177593,8.720532408575142e+17,8.758931280307105e+17,3839887173196573.0,0.0,0.0,0.0,0.0
440619.62775521143,8.720532408575142e+17,8.758931280307105e+17,3839887173196573.0,0.0,0.0,0.0,0.0
449432.1203103157,8.720532408575142e+17,8.758931280307105e+17,3839887173196573.0,0.0,0.0,0.0,0.0
458420.862716522,8.720532408575142e+17,8.758931280307105e+17,3839887173196573.0,0.0,0.0,0.0,0.0
467589.37997085246,8.720532408575142e+17,8.758931280307105e+17,3839887173196573.0,0.0,0.0,0.0,0.0
476941.2675702695,8.720532408575142e+17,8.758931280307105e+17,3839887173196573.0,0.0,0.0,0.0,0.0
486480.1929216749,8.720532408575142e+17,8.758931280307105e+17,3839887173196573.0,0.0,0.0,0.0,0.0
496209.89678010845,8.720532408575142e+17,8.758931280307105e+17,3839887173196573.0,0.0,0.0,0.0,0.0
506134.19471571065,8.720532408575142e+17,8.758931280307105e+17,3839887173196573.0,0.0,0.0,0.0,0.0
516256.97861002485,8.720532408575142e+17,8.758931280307105e+17,3839887173196573.0,0.0,0.0,0.0,0.0
526582.2181822254,8.720532408575142e+17,8.758931280307105e+17,3839887173196573.0,0.0,0.0,0.0,0.0
537113.9625458699,8.720532408575142e+17,8.758931280307105e+17,3839887173196573.0,0.0,0.0,0.0,0.0
547856.3417967872,8.720532408575142e+17,8.758931280307105e+17,3839887173196573.0,0.0,0.0,0.0,0.0
558813.568632723,8.720532408575142e+17,8.758931280307105e+17,3839887173196573.0,0.0,0.0,0.0,0.0
569989.9400053774,8.720532408575142e+17,8.758931280307105e+17,3839887173196573.0,0.0,0.0,0.0,0.0
581389.8388054849,8.720532408575142e+17,8.758931280307105e+17,3839887173196573.0,0.0,0.0,0.0,0.0
593017.7355815946,8.720532408575142e+17,8.758931280307105e+17,3839887173196573.0,0.0,0.0,0.0,0.0
604878.1902932265,8.720532408575142e+17,8.758931280307105e+17,3839887173196573.0,0.0,0.0,0.0,0.0
616975.854099091,8.720532408575142e+17,8.758931280307105e+17,3839887173196573.0,0.0,0.0,0.0,0.0
629315.4711810729,8.720532408575142e+17,8.758931280307105e+17,3839887173196573.0,0.0,0.0,0.0,0.0
641901.8806046944,8.720532408575142e+17,8.758931280307105e+17,3839887173196573.0,0.0,0.0,0.0,0.0
654740.0182167883,8.720532408575142e+17,8.758931280307105e+17,3839887173196573.0,0.0,0.0,0.0,0.0
667834.918581124,8.720532408575142e+17,8.758931280307105e+17,3839887173196573.0,0.0,0.0,0.0,0.0
681191.7169527465,8.720532408575142e+17,8.758931280307105e+17,3839887173196573.0,0.0,0.0,0.0,0.0
694815.6512918015,8.720532408575142e+17,8.758931280307105e+17,3839887173196573.0,0.0,0.0,0.0,0.0
708712.0643176375,8.720532408575142e+17,8.758931280307105e+17,3839887173196573.0,0.0,0.0,0.0,0.0
722886.4056039902,8.720532408575142e+17,8.758931280307105e+17,3839887173196573.0,0.0,0.0,0.0,0.0
737344.23371607,8.720532408575142e+17,8.758931280307105e+17,3839887173196573.0,0.0,0.0,0.0,0.0
752091.2183903913,8.720532408575142e+17,8.758931280307105e+17,3839887173196573.0,0.0,0.0,0.0,0.0
767133.1427581991,8.720532408575142e+17,8.758931280307105e+17,3839887173196573.0,0.0,0.0,0.0,0.0
782475.9056133631,8.720532408575142e+17,8.758931280307105e+17,3839887173196573.0,0.0,0.0,0.0,0.0
798125.5237256304,8.720532408575142e+17,8.758931280307105e+17,3839887173196573.0,0.0,0.0,0.0,0.0
814088.134200143,8.720532408575142e+17,8.758931280307105e+17,3839887173196573.0,0.0,0.0,0.0,0.0
830369.9968841459,8.720532408575142e+17,8.758931280307105e+17,3839887173196573.0,0.0,0.0,0.0,0.0
846977.4968218289,8.720532408575142e+17,8.758931280307105e+17,3839887173196573.0,0.0,0.0,0.0,0.0
863917.1467582654,8.720532408575142e+17,8.758931280307105e+17,3839887173196573.0,0.0,0.0,0.0,0.0
881195.5896934308,8.720532408575142e+17,8.758931280307105e+17,3839887173196573.0,0.0,0.0,0.0,0.0
898819.6014872994,8.720532408575142e+17,8.758931280307105e+17,3839887173196573.0,0.0,0.0,0.0,0.0
916796.0935170455,8.720532408575142e+17,8.758931280307105e+17,3839887173196573.0,0.0,0.0,0.0,0.0
935132.1153873864,8.720532408575142e+17,8.758931280307105e+17,3839887173196573.0,0.0,0.0,0.0,0.0
953834.8576951341,8.720532408575142e+17,8.758931280307105e+17,3839887173196573.0,0.0,0.0,0.0,0.0
972911.6548490368,8.720532408575142e+17,8.758931280307105e+17,3839887173196573.0,0.0,0.0,0.0,0.0
992369.9879460176,8.720532408575142e+17,8.758931280307105e+17,3839887173196573.0,0.0,0.0,0.0,0.0
1012217.487704938,8.720532408575142e+17,8.758931280307105e+17,3839887173196573.0,0.0,0.0,0.0,0.0
1032461.9374590368,8.720532408575142e+17,8.758931280307105e+17,3839887173196573.0,0.0,0.0,0.0,0.0
1053111.2762082175,8.720532408575142e+17,8.758931280307105e+17,3839887173196573.0,0.0,0.0,0.0,0.0
1074173.6017323819,8.720532408575142e+17,8.758931280307105e+17,3839887173196573.0,0.0,0.0,0.0,0.0
1095657.1737670295,8.720532408575142e+17,8.758931280307105e+17,3839887173196573.0,0.0,0.0,0.0,0.0
1117570.41724237,8.720532408575142e+17,8.758931280307105e+17,3839887173196573.0,0.0,0.0,0.0,0.0
1139921.9255872176,8.720532408575142e+17,8.758931280307105e+17,3839887173196573.0,0.0,0.0,0.0,0.0
1162720.464098962,8.720532408575142e+17,8.758931280307105e+17,3839887173196573.0,0.0,0.0,0.0,0.0
1185974.9733809412,8.720532408575142e+17,8.758931280307105e+17,3839887173196573.0,0.0,0.0,0.0,0.0
1209694.57284856,8.720532408575142e+17,8.758931280307105e+17,3839887173196573.0,0.0,0.0,0.0,0.0
1233888.5643055313,8.720532408575142e+17,8.758931280307105e+17,3839887173196573.0,0.0,0.0,0.0,0.0
1258566.435591642,8.720532408575142e+17,8.758931280307105e+17,3839887173196573.0,0.0,0.0,0.0,0.0
1283737.864303475,8.720532408575142e+17,8.758931280307105e+17,3839887173196573.0,0.0,0.0,0.0,0.0
1309412.7215895446,8.720532408575142e+17,8.758931280307105e+17,3839887173196573.0,0.0,0.0,0.0,0.0
1335601.0760213356,8.720532408575142e+17,8.758931280307105e+17,3839887173196573.0,0.0,0.0,0.0,0.0
1362313.1975417624,8.720532408575142e+17,8.758931280307105e+17,3839887173196573.0,0.0,0.0,0.0,0.0
1389559.5614925977,8.720532408575142e+17,8.758931280307105e+17,3839887173196573.0,0.0,0.0,0.0,0.0
1417350.8527224497,8.720532408575142e+17,8.758931280307105e+17,3839887173196573.0,0.0,0.0,0.0,0.0
1445697.9697768986,8.720532408575142e+17,8.758931280307105e+17,3839887173196573.0,0.0,0.0,0.0,0.0
1474612.0291724366,8.720532408575142e+17,8.758931280307105e+17,3839887173196573.0,0.0,0.0,0.0,0.0
1504104.3697558853,8.720532408575142e+17,8.758931280307105e+17,3839887173196573.0,0.0,0.0,0.0,0.0
1534186.557151003,8.720532408575142e+17,8.758931280307105e+17,3839887173196573.0,0.0,0.0,0.0,0.0
1564870.3882940232,8.720532408575142e+17,8.758931280307105e+17,3839887173196573.0,0.0,0.0,0.0,0.0
1596167.8960599038,8.720532408575142e+17,8.758931280307105e+17,3839887173196573.0,0.0,0.0,0.0,0.0
1628091.353981102,8.720532408575142e+17,8.758931280307105e+17,3839887173196573.0,0.0,0.0,0.0,0.0
1660653.281060724,8.720532408575142e+17,8.758931280307105e+17,3839887173196573.0,0.0,0.0,0.0,0.0
1693866.4466819386,8.720532408575142e+17,8.758931280307105e+17,3839887173196573.0,0.0,0.0,0.0,0.0
1727743.8756155774,8.720532408575142e+17,8.758931280307105e+17,3839887173196573.0,0.0,0.0,0.0,0.0
1762298.853127889,8.720532408575142e+17,8.758931280307105e+17,3839887173196573.0,0.0,0.0,0.0,0.0
1797544.930190447,8.720532408575142e+17,8.758931280307105e+17,3839887173196573.0,0.0,0.0,0.0,0.0
1833495.928794256,8.720532408575142e+17,8.758931280307105e+17,3839887173196573.0,0.0,0.0,0.0,0.0
1870165.947370141,8.720532408575142e+17,8.758931280307105e+17,3839887173196573.0,0.0,0.0,0.0,0.0
1907569.366317544,8.720532408575142e+17,8.758931280307105e+17,3839887173196573.0,0.0,0.0,0.0,0.0
1945720.853643895,8.720532408575142e+17,8.758931280307105e+17,3839887173196573.0,0.0,0.0,0.0,0.0
1984635.3707167727,8.720532408575142e+17,8.758931280307105e+17,3839887173196573.0,0.0,0.0,0.0,0.0
2024328.1781311082,8.720532408575142e+17,8.758931280307105e+17,3839887173196573.0,0.0,0.0,0.0,0.0
2064814.8416937303,8.720532408575142e+17,8.758931280307105e+17,3839887173196573.0,0.0,0.0,0.0,0.0
2106111.238527605,8.720532408575142e+17,8.758931280307105e+17,3839887173196573.0,0.0,0.0,0.0,0.0
2148233.563298157,8.720532408575142e+17,8.758931280307105e+17,3839887173196573.0,0.0,0.0,0.0,0.0
2191198.33456412,8.720532408575142e+17,8.758931280307105e+17,3839887173196573.0,0.0,0.0,0.0,0.0
2235022.4012554027,8.720532408575142e+17,8.758931280307105e+17,3839887173196573.0,0.0,0.0,0.0,0.0
2279722.9492805107,8.720532408575142e+17,8.758931280307105e+17,3839887173196573.0,0.0,0.0,0.0,0.0
2325317.5082661207,8.720532408575142e+17,8.758931280307105e+17,3839887173196573.0,0.0,0.0,0.0,0.0
2371823.958431443,8.720532408575142e+17,8.758931280307105e+17,3839887173196573.0,0.0,0.0,0.0,0.0
2419260.537600072,8.720532408575142e+17,8.758931280307105e+17,3839887173196573.0,0.0,0.0,0.0,0.0
2467645.8483520737,8.720532408575142e+17,8.758931280307105e+17,3839887173196573.0,0.0,0.0,0.0,0.0
2516998.865319115,8.720532408575142e+17,8.758931280307105e+17,3839887173196573.0,0.0,0.0,0.0,0.0
2567338.9426254975,8.720532408575142e+17,8.758931280307105e+17,3839887173196573.0,0.0,0.0,0.0,0.0
2618685.8214780074,8.720532408575142e+17,8.758931280307105e+17,3839887173196573.0,0.0,0.0,0.0,0.0
2671059.6379075674,8.720532408575142e+17,8.758931280307105e+17,3839887173196573.0,0.0,0.0,0.0,0.0
2724480.930665719,8.720532408575142e+17,8.758931280307105e+17,3839887173196573.0,0.0,0.0,0.0,0.0
2778970.6492790333,8.720532408575142e+17,8.758931280307105e+17,3839887173196573.0,0.0,0.0,0.0,0.0
2834550.162264614,8.720532408575142e+17,8.758931280307105e+17,3839887173196573.0,0.0,0.0,0.0,0.0
2891241.265509906,8.720532408575142e+17,8.758931280307105e+17,3839887173196573.0,0.0,0.0,0.0,0.0
2949066.1908201044,8.720532408575142e+17,8.758931280307105e+17,3839887173196573.0,0.0,0.0,0.0,0.0
3008047.6146365064,8.720532408575142e+17,8.758931280307105e+17,3839887173196573.0,0.0,0.0,0.0,0.0
3068208.6669292366,8.720532408575142e+17,8.758931280307105e+17,3839887173196573.0,0.0,0.0,0.0,0.0
3129572.9402678213,8.720532408575142e+17,8.758931280307105e+17,3839887173196573.0,0.0,0.0,0.0,0.0
3192164.4990731776,8.720532408575142e+17,8.758931280307105e+17,3839887173196573.0,0.0,0.0,0.0,0.0
3256007.889054641,8.720532408575142e+17,8.758931280307105e+17,3839887173196573.0,0.0,0.0,0.0,0.0
3321128.146835734,8.720532408575142e+17,8.758931280307105e+17,3839887173196573.0,0.0,0.0,0.0,0.0
3387550.809772449,8.720532408575142e+17,8.758931280307105e+17,3839887173196573.0,0.0,0.0,0.0,0.0
3455301.925967898,8.720532408575142e+17,8.758931280307105e+17,3839887173196573.0,0.0,0.0,0.0,0.0
3524408.064487256,8.720532408575142e+17,8.758931280307105e+17,3839887173196573.0,0.0,0.0,0.0,0.0
3594896.325777001,8.720532408575142e+17,8.758931280307105e+17,3839887173196573.0,0.0,0.0,0.0,0.0
3666794.3522925414,8.720532408575142e+17,8.758931280307105e+17,3839887173196573.0,0.0,0.0,0.0,0.0
3740130.3393383925,8.720532408575142e+17,8.758931280307105e+17,3839887173196573.0,0.0,0.0,0.0,0.0
3814933.0461251605,8.720532408575142e+17,8.758931280307105e+17,3839887173196573.0,0.0,0.0,0.0,0.0
3891231.8070476637,8.720532408575142e+17,8.758931280307105e+17,3839887173196573.0,0.0,0.0,0.0,0.0
3969056.543188617,8.720532408575142e+17,8.758931280307105e+17,3839887173196573.0,0.0,0.0,0.0,0.0
4048437.7740523894,8.720532408575142e+17,8.758931280307105e+17,3839887173196573.0,0.0,0.0,0.0,0.0
4129406.629533437,8.720532408575142e+17,8.758931280307105e+17,3839887173196573.0,0.0,0.0,0.0,0.0
4211994.862124106,8.720532408575142e+17,8.758931280307105e+17,3839887173196573.0,0.0,0.0,0.0,0.0
4296234.859366588,8.720532408575142e+17,8.758931280307105e+17,3839887173196573.0,0.0,0.0,0.0,0.0
4382159.65655392,8.720532408575142e+17,8.758931280307105e+17,3839887173196573.0,0.0,0.0,0.0,0.0
4469802.949684999,8.720532408575142e+17,8.758931280307105e+17,3839887173196573.0,0.0,0.0,0.0,0.0
4559199.108678699,8.720532408575142e+17,8.758931280307105e+17,3839887173196573.0,0.0,0.0,0.0,0.0
4650383.190852272,8.720532408575142e+17,8.758931280307105e+17,3839887173196573.0,0.0,0.0,0.0,0.0
4743390.954669318,8.720532408575142e+17,8.758931280307105e+17,3839887173196573.0,0.0,0.0,0.0,0.0
4838258.873762704,8.720532408575142e+17,8.758931280307105e+17,3839887173196573.0,0.0,0.0,0.0,0.0
4935024.151237959,8.720532408575142e+17,8.758931280307105e+17,3839887173196573.0,0.0,0.0,0.0,0.0
5033724.734262718,8.720532408575142e+17,8.758931280307105e+17,3839887173196573.0,0.0,0.0,0.0,0.0
5134399.3289479725,8.720532408575142e+17,8.758931280307105e+17,3839887173196573.0,0.0,0.0,0.0,0.0
5237087.415526932,8.720532408575142e+17,8.758931280307105e+17,3839887173196573.0,0.0,0.0,0.0,0.0
5341829.263837471,8.720532408575142e+17,8.758931280307105e+17,3839887173196573.0,0.0,0.0,0.0,0.0
5448665.94911422,8.720532408575142e+17,8.758931280307105e+17,3839887173196573.0,0.0,0.0,0.0,0.0
5557639.368096504,8.720532408575142e+17,8.758931280307105e+17,3839887173196573.0,0.0,0.0,0.0,0.0
5668792.255458434,8.720532408575142e+17,8.758931280307105e+17,3839887173196573.0,0.0,0.0,0.0,0.0
5782168.200567603,8.720532408575142e+17,8.758931280307105e+17,3839887173196573.0,0.0,0.0,0.0,0.0
5897811.664578956,8.720532408575142e+17,8.758931280307105e+17,3839887173196573.0,0.0,0.0,0.0,0.0
6015767.997870535,8.720532408575142e+17,8.758931280307105e+17,3839887173196573.0,0.0,0.0,0.0,0.0
6136083.457827945,8.720532408575142e+17,8.758931280307105e+17,3839887173196573.0,0.0,0.0,0.0,0.0
6258805.226984505,8.720532408575142e+17,8.758931280307105e+17,3839887173196573.0,0.0,0.0,0.0,0.0
6383981.431524195,8.720532408575142e+17,8.758931280307105e+17,3839887173196573.0,0.0,0.0,0.0,0.0
6511661.160154679,8.720532408575142e+17,8.758931280307105e+17,3839887173196573.0,0.0,0.0,0.0,0.0
6641894.483357772,8.720532408575142e+17,8.758931280307105e+17,3839887173196573.0,0.0,0.0,0.0,0.0
6774732.473024928,8.720532408575142e+17,8.758931280307105e+17,3839887173196573.0,0.0,0.0,0.0,0.0
6910227.222485427,8.720532408575142e+17,8.758931280307105e+17,3839887173196573.0,0.0,0.0,0.0,0.0
7048431.866935136,8.720532408575142e+17,8.758931280307105e+17,3839887173196573.0,0.0,0.0,0.0,0.0
7189400.604273839,8.720532408575142e+17,8.758931280307105e+17,3839887173196573.0,0.0,0.0,0.0,0.0
7333188.716359315,8.720532408575142e+17,8.758931280307105e+17,3839887173196573.0,0.0,0.0,0.0,0.0
7479852.590686502,8.720532408575142e+17,8.758931280307105e+17,3839887173196573.0,0.0,0.0,0.0,0.0
7629449.7425002325,8.720532408575142e+17,8.758931280307105e+17,3839887173196573.0,0.0,0.0,0.0,0.0
7782038.837350237,8.720532408575142e+17,8.758931280307105e+17,3839887173196573.0,0.0,0.0,0.0,0.0
7937679.714097242,8.720532408575142e+17,8.758931280307105e+17,3839887173196573.0,0.0,0.0,0.0,0.0
8096433.408379187,8.720532408575142e+17,8.758931280307105e+17,3839887173196573.0,0.0,0.0,0.0,0.0
8258362.176546771,8.720532408575142e+17,8.758931280307105e+17,3839887173196573.0,0.0,0.0,0.0,0.0
8423529.520077707,8.720532408575142e+17,8.758931280307105e+17,3839887173196573.0,0.0,0.0,0.0,0.0
8592000.210479261,8.720532408575142e+17,8.758931280307105e+17,3839887173196573.0,0.0,0.0,0.0,0.0
8763840.314688846,8.720532408575142e+17,8.758931280307105e+17,3839887173196573.0,0.0,0.0,0.0,0.0
8939117.220982624,8.720532408575142e+17,8.758931280307105e+17,3839887173196573.0,0.0,0.0,0.0,0.0
9117899.665402276,8.720532408575142e+17,8.758931280307105e+17,3839887173196573.0,0.0,0.0,0.0,0.0
9300257.758710323,8.720532408575142e+17,8.758931280307105e+17,3839887173196573.0,0.0,0.0,0.0,0.0
9486263.01388453,8.720532408575142e+17,8.758931280307105e+17,3839887173196573.0,0.0,0.0,0.0,0.0
9675988.37416222,8.720532408575142e+17,8.758931280307105e+17,3839887173196573.0,0.0,0.0,0.0,0.0
9869508.241645465,8.720532408575142e+17,8.758931280307105e+17,3839887173196573.0,0.0,0.0,0.0,0.0
10066898.506478375,8.720532408575142e+17,8.758931280307105e+17,3839887173196573.0,0.0,0.0,0.0,0.0
10268236.576607943,8.720532408575142e+17,8.758931280307105e+17,3839887173196573.0,0.0,0.0,0.0,0.0
10473601.408140102,8.720532408575142e+17,8.758931280307105e+17,3839887173196573.0,0.0,0.0,0.0,0.0
10683073.536302906,8.720532408575142e+17,8.758931280307105e+17,3839887173196573.0,0.0,0.0,0.0,0.0
10896735.107028963,8.720532408575142e+17,8.758931280307105e+17,3839887173196573.0,0.0,0.0,0.0,0.0
11114669.909169542,8.720532408575142e+17,8.758931280307105e+17,3839887173196573.0,0.0,0.0,0.0,0.0
11336963.407352932,8.720532408575142e+17,8.758931280307105e+17,3839887173196573.0,0.0,0.0,0.0,0.0
11563702.77549999,8.720532408575142e+17,8.758931280307105e+17,3839887173196573.0,0.0,0.0,0.0,0.0
11794976.931009991,8.720532408575142e+17,8.758931280307105e+17,3839887173196573.0,0.0,0.0,0.0,0.0
12030876.56963019,8.720532408575142e+17,8.758931280307105e+17,3839887173196573.0,0.0,0.0,0.0,0.0
12271494.201022794,8.720532408575142e+17,8.758931280307105e+17,3839887173196573.0,0.0,0.0,0.0,0.0
12516924.185043251,8.720532408575142e+17,8.758931280307105e+17,3839887173196573.0,0.0,0.0,0.0,0.0
12767262.768744117,8.720532408575142e+17,8.758931280307105e+17,3839887173196573.0,0.0,0.0,0.0,0.0
13022608.124118999,8.720532408575142e+17,8.758931280307105e+17,3839887173196573.0,0.0,0.0,0.0,0.0
13283060.38660138,8.720532408575142e+17,8.758931280307105e+17,3839887173196573.0,0.0,0.0,0.0,0.0
13548721.694333406,8.720532408575142e+17,8.758931280307105e+17,3839887173196573.0,0.0,0.0,0.0,0.0
13819696.228220075,8.720532408575142e+17,8.758931280307105e+17,3839887173196573.0,0.0,0.0,0.0,0.0
14096090.252784478,8.720532408575142e+17,8.758931280307105e+17,3839887173196573.0,0.0,0.0,0.0,0.0
14378012.157840168,8.720532408575142e+17,8.758931280307105e+17,3839887173196573.0,0.0,0.0,0.0,0.0
14665572.500996972,8.720532408575142e+17,8.758931280307105e+17,3839887173196573.0,0.0,0.0,0.0,0.0
14958884.051016912,8.720532408575142e+17,8.758931280307105e+17,3839887173196573.0,0.0,0.0,0.0,0.0
15258061.83203725,8.720532408575142e+17,8.758931280307105e+17,3839887173196573.0,0.0,0.0,0.0,0.0
15563223.168677995,8.720532408575142e+17,8.758931280307105e+17,3839887173196573.0,0.0,0.0,0.0,0.0
15874487.732051555,8.720532408575142e+17,8.758931280307105e+17,3839887173196573.0,0.0,0.0,0.0,0.0
16191977.586692587,8.720532408575142e+17,8.758931280307105e+17,3839887173196573.0,0.0,0.0,0.0,0.0
16515817.23842644,8.720532408575142e+17,8.758931280307105e+17,3839887173196573.0,0.0,0.0,0.0,0.0
16846133.68319497,8.720532408575142e+17,8.758931280307105e+17,3839887173196573.0,0.0,0.0,0.0,0.0
17183056.45685887,8.720532408575142e+17,8.758931280307105e+17,3839887173196573.0,0.0,0.0,0.0,0.0
17526717.68599605,8.720532408575142e+17,8.758931280307105e+17,3839887173196573.0,0.0,0.0,0.0,0.0
17877252.13971597,8.720532408575142e+17,8.758931280307105e+17,3839887173196573.0,0.0,0.0,0.0,0.0
18234797.282510288,8.720532408575142e+17,8.758931280307105e+17,3839887173196573.0,0.0,0.0,0.0,0.0
18599493.328160495,8.720532408575142e+17,8.758931280307105e+17,3839887173196573.0,0.0,0.0,0.0,0.0
18971483.294723704,8.720532408575142e+17,8.758931280307105e+17,3839887173196573.0,0.0,0.0,0.0,0.0
19350913.060618177,8.720532408575142e+17,8.758931280307105e+17,3839887173196573.0,0.0,0.0,0.0,0.0
19737931.421830542,8.720532408575142e+17,8.758931280307105e+17,3839887173196573.0,0.0,0.0,0.0,0.0
20132690.150267154,8.720532408575142e+17,8.758931280307105e+17,3839887173196573.0,0.0,0.0,0.0,0.0
20535344.053272497,8.720532408575142e+17,8.758931280307105e+17,3839887173196573.0,0.0,0.0,0.0,0.0
20946051.034337945,8.720532408575142e+17,8.758931280307105e+17,3839887173196573.0,0.0,0.0,0.0,0.0
21364972.155024704,8.720532408575142e+17,8.758931280307105e+17,3839887173196573.0,0.0,0.0,0.0,0.0
21792271.6981252,8.720532408575142e+17,8.758931280307105e+17,3839887173196573.0,0.0,0.0,0.0,0.0
22228117.2320877,8.720532408575142e+17,8.758931280307105e+17,3839887173196573.0,0.0,0.0,0.0,0.0
22672679.676729456,8.720532408575142e+17,8.758931280307105e+17,3839887173196573.0,0.0,0.0,0.0,0.0
23126133.370264046,8.720532408575142e+17,8.758931280307105e+17,3839887173196573.0,0.0,0.0,0.0,0.0
23588656.13766933,8.720532408575142e+17,8.758931280307105e+17,3839887173196573.0,0.0,0.0,0.0,0.0
24060429.360422716,8.720532408575142e+17,8.758931280307105e+17,3839887173196573.0,0.0,0.0,0.0,0.0
24541638.04763117,8.720532408575142e+17,8.758931280307105e+17,3839887173196573.0,0.0,0.0,0.0,0.0
25032470.908583794,8.720532408575142e+17,8.758931280307105e+17,3839887173196573.0,0.0,0.0,0.0,0.0
25533120.42675547,8.720532408575142e+17,8.758931280307105e+17,3839887173196573.0,0.0,0.0,0.0,0.0
26043782.93529058,8.720532408575142e+17,8.758931280307105e+17,3839887173196573.0,0.0,0.0,0.0,0.0
26564658.693996392,8.720532408575142e+17,8.758931280307105e+17,3839887173196573.0,0.0,0.0,0.0,0.0
27095951.96787632,8.720532408575142e+17,8.758931280307105e+17,3839887173196573.0,0.0,0.0,0.0,0.0
27637871.107233845,8.720532408575142e+17,8.758931280307105e+17,3839887173196573.0,0.0,0.0,0.0,0.0
28190628.629378524,8.720532408575142e+17,8.758931280307105e+17,3839887173196573.0,0.0,0.0,0.0,0.0
28754441.301966093,8.720532408575142e+17,8.758931280307105e+17,3839887173196573.0,0.0,0.0,0.0,0.0
29329530.228005417,8.720532408575142e+17,8.758931280307105e+17,3839887173196573.0,0.0,0.0,0.0,0.0
29916120.932565525,8.720532408575142e+17,8.758931280307105e+17,3839887173196573.0,0.0,0.0,0.0,0.0
30514443.451216836,8.720532408575142e+17,8.758931280307105e+17,3839887173196573.0,0.0,0.0,0.0,0.0
31124732.420241173,8.720532408575142e+17,8.758931280307105e+17,3839887173196573.0,0.0,0.0,0.0,0.0
31557600.0,8.720532408575142e+17,8.758931280307105e+17,3839887173196573.0,0.0,0.0,0.0,0.0
